word	count	sentence	rewritten
aah	1	People watch it and say 'ooh' and 'aah'.	People watch it and say 'wow' and 'oh'.
aarav	1	People have names, like 'Aarav' or 'Ananya'." Animals have names too, like "cat" or "dog." Your name is special to you.	
aaron	1	Yes, Moses has a brother named Aaron.	
abba	1	The Beatles, Queen, and ABBA all have songs that many people know and sing.	
abdullah	1	The king is named King Abdullah II.	
abel	1	The sea was named after a man named Abel Tasman who explored it long ago.	
ableism	1	Sexism and ableism are ways people are not kind.	Being mean to people because of their body or mind is not kind.
aboriginals	1	They are called Aboriginals and Torres Strait Islanders.	
abraham's	1	This is Abraham's sheep.	
abuse	1	When someone hurts another person, that is a human rights abuse.	When someone hurts another person, that is a bad thing.
accused	1	The other person is called the person who is accused.	The other person is called the one who is said to have done wrong.
acoustical	1	A person who uses sound to build things is called an acoustical engineer.	A person who uses sound to build things is called a sound builder.
acoustician	1	A person who studies sound is called an acoustician.	A person who studies sound is called a sound scientist.
acteon	1	One time, a man named Acteon saw her bathing, and she turned him into a deer.	
actress's	1	The actress's dress is long.	The dress of the actress is long.
actuaries	1	People called actuaries figure out how much you pay.	People called math helpers figure out how much you pay.
adam's	1	Then God made Eve from one of Adam's ribs.	
adaptations	1	Adaptations are not perfect; they have good and bad parts.	Changes in animals are not perfect. They have good and bad parts.
addicted	1	Can a person be addicted to sweets?	Can a person want sweets too much?
addresses	1	E-mail addresses look like name@place.com.	E-mail names look like name@place.com.
adele	1	Today, singers like Adele also sing soul music.	
adios	1	She teaches me common words like "hola" and "adios".	
adolphe	1	It was made by a man named Adolphe Sax.	
adverb	1	An adverb phrase tells more about a word that describes an action.	A word group tells more about a doing word.
aesop	1	The most famous fables are by a man named Aesop.	
african's	1	This is an African's hat.	This is a hat from Africa.
agartala	1	Buses even go from Dhaka to a place in India called Agartala.	
ageism	1	Sexism, racism, and ageism are all types of unfair thinking.	Being mean to people because of their age is not fair.
agents	1	People called agents sell insurance.	People called sellers sell insurance.
agong	1	The king is called the Yang di-Pertuan Agong.	
agreeing	1	When a friend asks, 'Do you want to play?' and you say yes, that is agreeing.	When a friend asks, 'Do you want to play?' and you say yes, that is saying yes.
ah-ha	1	A discovery makes you say 'ah-ha!' A discovery and a gift are both nice things you might get.	A discovery makes you say 'oh!' A discovery and a gift are both nice things you might get.
airbus	1	The city has lots of businesses, and a company called Airbus builds big airplanes there.	
airliners	1	Big planes that carry people are called airliners.	Big planes that carry people are called big planes.
aisukurimu	1	For example, 'aisukurimu' means ice cream.	
aix-en-provence	1	Other cities are Nice, Avignon, and Aix-en-Provence.	
ajanta	1	There are old caves called Ajanta and Ellora that people visit.	
akal	1	First, learn some words like 'Sat Sri Akal' for hello.	
akershus	1	Oslo has a famous old fort called Akershus Fortress.	
akhenaten	1	For a short time, one pharaoh named Akhenaten said people should only worship one god, the sun disk Aten.	
akkad	1	Sumer and Akkad are lands near the same rivers.	
aksum	1	Long ago, there was a big kingdom called Aksum.	
al-aqsa	1	For Muslims, it is where Muhammad went up to heaven, and the Dome of the Rock and Al-Aqsa Mosque are there.	
al-arab	1	Basra sits near a wide river called the Shatt al-Arab.	
al-fitr	1	Eid al-Fitr comes after fasting.	
al-mansur	1	The city was built by a ruler named al-Mansur.	
al-qadr	1	There is also a night called Laylat al-Qadr, when the holy book of Muslims, the Qur'an, was first shown to people.	
alabama	1	They are not very tall, but they are wide and stretch from Canada down to Alabama.	
alberta	1	Calgary is a big city in Canada, in a place called Alberta.	
aleppo	1	The biggest city is Aleppo, and the capital city is Damascus.	
algarve	1	Many people visit Portugal for holidays, especially the sunny Algarve region and Lisbon.	
allahu	1	After that, we pray together and say 'Allahu Akbar'.	
allegiance	1	Last, they say the Pledge of Allegiance.	Last, they say the promise to the flag.
almosts	1	It was a day of almosts, but I was okay.	It was a day of near things, but I was okay.
alphago	1	In 2016, a computer named AlphaGo beat the best Go player.	
alphonso	1	Mangoes come in many kinds, like Alphonso.	
alto	1	The highest voice is soprano, then alto, then tenor, then bass.	The highest voice is high, then middle, then low, then very low.
ama-no-uzume	1	A happy goddess named Ama-no-Uzume danced and made everyone laugh.	
amadou	1	A boy named Amadou lives in Senegal.	
amantani	1	Another island called Amantani has two mountain peaks with old ruins on top.	
ambergris	1	Belize has many islands, and the biggest one is called Ambergris Caye.	
ami	1	Last, say a whole sentence like 'Bonjour, mon ami!'	
amo	1	I can say 'amo' means love in Latin.	
amstel	1	Long ago, people built a dam in the river Amstel, and that is how the city got its name.	
amundsen	1	The first people to reach the South Pole were from Norway, led by Roald Amundsen, in 1911.	
amy's	1	I like to go to Amy's home after school.	
anaconda	1	In the jungle, there are big snakes like the Green Anaconda.	
anak	1	It is called Anak Krakatau, which means baby Krakatoa.	
anansi	1	African traditional religions, stories about Anansi, and drumming are parts of African culture.	
ananya	1	People have names, like 'Aarav' or 'Ananya'." Animals have names too, like "cat" or "dog." Your name is special to you.	
anchises	1	His father was Anchises and his mother was a goddess.	
anchorage	1	The biggest city is Anchorage, where many people live.	
anders	1	A man named Anders Celsius made this scale a long time ago.	
android	1	Examples are Windows, macOS, Android, and Linux.	
andros	1	The biggest island is called Andros, and the capital city, Nassau, sits on another island.	
anglo-saxons	1	People called Anglo-Saxons spoke it.	
anh	1	When you learn Vietnamese, you call older people "anh" for big brother or "chị" for big sister, even if they are not your family.	
animator	1	A person who makes cartoons is called an animator.	A person who makes cartoons is called a cartoon maker.
announcer's	1	I remember the announcer's voice very well.	I remember the voice of the person who talks on TV very well.
anopheles	1	The mosquito that gives malaria is called Anopheles.	
anthills	1	People live in towns like ants live in anthills.	People live in towns like ants live in ant homes.
anticosti	1	It has islands like Prince Edward Island and Anticosti Island.	
antiguan	1	The people speak English and a special way of talking called Antiguan Creole.	
antler	1	A horn is not the same as an antler, which falls off and grows back.	A horn is not the same as a deer horn, which falls off and grows back.
antoinette	1	The queen during the french revolution was Marie Antoinette.	
antonie	1	A man named Antonie van Leeuwenhoek used a special tool called a microscope to see tiny living things.	
antony	1	Julius Caesar, Augustus, and Mark Antony were all Roman leaders.	
anybody	1	Anybody can play sport, like you and your friends.	Anyone can play sport, like you and your friends.
apache	1	In another story from the Apache people, a small man called the Creator made light and then made the Earth from a small brown ball.	
apfelstrudel	1	Famous foods from Austria are Wiener Schnitzel and Apfelstrudel.	
apo	1	The highest mountain is Mount Apo.	
arachne	1	The word 'arachnid' comes from a story about a girl named Arachne who was turned into a spider.	
ararat	1	Her favorite mountain is Mount Ararat.	
archaeon	1	A eukaryote, a bacterium, and an archaeon are all living things.	A tiny living thing, a germ, and another tiny living thing are all living things.
archivist	1	A person who takes care of old papers is called an archivist.	A person who takes care of old papers is called a paper keeper.
archivists	1	People called archivists take care of old papers.	People called paper keepers take care of old papers.
arctic's	1	This is the Arctic's snow.	This is the snow of the cold North.
argentine	1	One way is called Argentine tango, and it is very old.	
argo	1	He was the leader of a big boat called the Argo.	
argos	1	He was a hero who sailed on a big boat named the Argos.	
arguing	1	A cold war is like arguing, and a hot war is like fighting.	
ariel	1	The five biggest moons are Miranda, Ariel, Umbriel, Titania, and Oberon.	
aristarchus	1	But a man named Aristarchus said the Sun is the center and the Earth goes around it.	
armenian	1	People in Armenia speak Armenian and use a special alphabet.	
arthur's	1	Some famous swords are make-believe, like King Arthur's sword Excalibur.	
artist's	1	That artist's work looks very real.	
arunachal	1	This place has seven states that are called the "seven sister states.Their names are Arunachal Pradesh, Assam, Manipur, Meghalaya, Mizoram, Nagaland, and Tripura.	
aryans	1	Then, people called the Aryans came and wrote old teachings.	
asante	1	She says "jambo" and "asante." That is beautiful.	
asean	1	The countries in Southeast Asia are friends and work together in a group called ASEAN.	
askar	1	A boy named Askar lives in Kazakhstan.	
asphalt	1	Concrete and asphalt are both grey and used for roads.	
assam	1	This place has seven states that are called the "seven sister states.Their names are Arunachal Pradesh, Assam, Manipur, Meghalaya, Mizoram, Nagaland, and Tripura.	
assistants	1	Shop assistants work in the stores at the mall.	
assyria	1	It was the main city of a strong kingdom called Assyria.	
assyrian	1	The Achaemenid Empire, the Assyrian Empire, and the Babylonian Empire all had rich kings.	
assyrians	1	A long time ago, it was the most important city for a group of people called the Assyrians.	
astaire	1	The most famous ballroom dancers were Fred Astaire and Ginger Rogers, but they danced in movies.	
atat	1	Then a man named Mustafa Kemal Atatürk changed the letters to the ones we use in English.	
ataturk	1	If you go to Ankara, you can see the big Ataturk statue.	
aten	1	For a short time, one pharaoh named Akhenaten said people should only worship one god, the sun disk Aten.	
atlantic's	1	The Atlantic's waves are big.	
attack's	1	A heart attack's signs can be pain in the chest.	
attempt	1	Try is to attempt as run is to move fast.	
august's	1	August's sun is very strong.	
auguste	1	A man named Auguste Rodin made this statue a long time ago.	
austen	1	Over time, writers like Charles Dickens and Jane Austen wrote stories that people still love.	
australians	1	The first people to live there were called Aboriginal Australians and Torres Strait Islanders.	
autistic	1	There is no medicine to make autism go away, and many autistic people do not want a cure.	
autograph	1	Can we get her autograph?	
auyantepui	1	The water falls from a very high mountain called Auyantepui.	
ava's	1	Ava's old boyfriend sent her a letter.	
avarua	1	The biggest island is called Rarotonga, and the main town there is Avarua.	
avignon	1	Other cities are Nice, Avignon, and Aix-en-Provence.	
aviv	1	Israel is a country, but Tel Aviv is a city.	
avoided	1	Okay, we avoided the disaster.	
awful	1	Terrible, bad, and awful are all words for something not good.	
aya	1	A girl named Aya lives in Timbuktu.	
aylar	1	A girl named Aylar lives in Turkmenistan.	
ayodhya	1	Rama was a prince who lived in a place called Ayodhya.	
ayora	1	About 30,000 people live on the islands, mostly in towns like Puerto Ayora.	
ayubowan	1	Then you say 'Ayubowan' to greet someone.	
azores	1	The country has islands in the ocean called the Azores and Madeira.	
aztec's	1	The Aztec's home is made of mud bricks.	
azul	1	Yes, I know 'azul' and 'verde' too.	
ba	1	A long time ago, people called the Ba lived there.	
babar	1	A child might see a picture book with French words, like a story about a little boy named Babar the elephant.	
babbage	1	A long time ago, a man named Charles Babbage thought of the first computer, but he never built it.	
babylonian	1	The Achaemenid Empire, the Assyrian Empire, and the Babylonian Empire all had rich kings.	
back-to-school	1	September is a back-to-school month, like August in some places.	
backspace	1	If you make a mistake, you can fix it with the backspace key.	
backstroke	1	There are different ways to swim, like front crawl and backstroke.	
bactrian	1	Many animals live in the Gobi Desert, like the Bactrian camel with two humps, the Gobi bear, and the snow leopard.	
baden-powell	1	It started a long time ago, in 1907, by a man named Robert Baden-Powell.	
bagel	1	You might see sesame seeds on top of a hamburger bun or a bagel.	
bahasa	1	It is also called Bahasa Indonesia.	
bai	1	A long time ago, a famous poet named Li Bai was born there.	
baikonur	1	The Soyuz goes up on a big rocket and launches from a place called Baikonur in Kazakhstan.	
baja	1	Other peninsulas are parts of countries, like Baja California in Mexico.	
baji	1	Then, tie the chima skirt or baji pants.	
balances	1	Most trains have two rails, but a monorail balances on one.	
balboa	1	The country uses money called the balboa, but also uses US dollars.	
balinese	1	The main language is Indonesian, but people also speak many other languages like Javanese and Balinese.	
balkandjii	1	People who live near these mountains are called Balkandjii.	
ballast	1	Small rocks called ballast are packed around the sleepers to keep the track steady.	
ballcourt	1	The Great Ballcourt is a huge field where people played ball games long ago.	
ballistae	1	Some ballistae were small and shot arrows or darts.	
balsamic	1	There are many kinds of vinegar, such as balsamic, red wine, and apple cider vinegar.	
baltistan	1	Polo was first played a long time ago in a place called Baltistan.	
bamanakan	1	The main language is French, but many people speak Bamanakan.	
bambi	1	The most famous make-believe deer is Bambi.	
banana's	1	I like a banana's sweet smell.	
band's	1	The band's songs are great for dancing.	
band-aids	1	Many pharmacies also sell soap, band-aids, and things to keep you clean and pretty.	
bandaid	1	Okay, I have a bandaid now.	
bandeng	1	Some people call it bandeng, but in the Philippines it is called bangus.	
bangalore	1	You can see a big statue of him in a city called Bangalore.	
bangla	1	In Bangladesh, people speak Bangla, but in the UK, people speak English.	
banjo	1	Some string instruments you pluck, like a banjo.	
banjul	1	The capital city is Banjul.	
bank's	1	This is the bank's big clock.	
baptismal	1	The baptismal font in the catholic church holds cool water.	
baptize	1	Some churches baptize babies, and some wait until the person is older.	
barbarie	1	Near the end, a thin strip of sand called the Langue de Barbarie separates the river from the big ocean.	
barbell	1	I have a small toy barbell at home.	
barbers	1	There are two barbers in the shop.	
barbie	1	They wanted to make a toy for boys, like how Barbie was a toy for girls.	
barnacles	1	Crustaceans are animals that live in water, like crabs, lobsters, shrimp, and barnacles.	
barograph	1	A barograph is a kind of barometer that draws a picture of the air pressure on paper.	
barrels	1	People use lathes to make things like baseball bats, candlestick holders, and gun barrels.	
baseball's	1	The baseball's stitches are red.	
basics	1	My teacher says it is not hard to learn the basics.	
basil's	1	It has many old and pretty buildings, like the colorful Saint Basil's Cathedral and the tall Kremlin walls.	
basins	1	Long ago, people made stone basins to keep water for drinking.	
basseterre	1	The capital city is Basseterre, on the bigger island called Saint Kitts.	
bastet	1	The Egyptians believed in many gods and goddesses, like Ra the sun god and Bastet the cat goddess.	
batavia	1	Long ago, it had different names, like Batavia.	
batswana	1	People from Botswana are called Batswana.	
batur	1	The two biggest volcanoes are Mount Agung and Mount Batur.	
bawo	1	He says "Bawo ni" to her every morning.	
baybayin	1	Tagalog used to be written with a special alphabet called Baybayin, but now people write it with the same letters we use in English.	Tagalog used to be written with a special set of letters called Baybayin, but now people write it with the same letters we use in English.
bayern	1	It is famous for its soccer team, FC Bayern Munich, which wins many games.	
bayeux	1	The famous Bayeux tapestry is not really a tapestry, but a decorated cloth made in England.	
bbc	1	Some broadcasters are paid by the government, like the BBC in Britain.	
bc	1	The Ancient Greeks made the ballista around 400 BC.	The Ancient Greeks made the ballista a very long time ago.
bebop	1	There are many types of jazz, like New Orleans jazz, swing, and bebop.	There are many types of jazz, like New Orleans jazz, swing, and a fast kind called bebop.
bedouins	1	Long ago, people called Bedouins lived in the desert and kept these horses close, even inside their tents.	
beechnuts	1	The nuts are called beechnuts, and some animals eat them.	
beeeeh	1	The shoebill can make a high sound like "beeeeh."" It likes to live alone and keeps its nest away from other shoebills.	The shoebill can make a high sound like "beeeeh." It likes to live alone and keeps its nest away from other shoebills.
beep-beep	1	People used it a long time ago with machines that went beep-beep.	
beep-beep-beep	1	A beep can mean "look out" or "I am done." Sometimes a truck goes beep-beep-beep when it moves backward.	
beep-boop	1	Sometimes it sounds like a robot singing or a funny beep-boop noise.	
beetle's	1	A beetle's mouth has two hard parts that crush and cut food.	
beholder	1	Some people think beauty is different for each person, like when someone says 'Beauty is in the eye of the beholder.' Others think there are rules for what is beautiful.	
beignets	1	He eats warm beignets covered in white sugar for a treat.	
belau	1	The people there sometimes call their country Belau.	
belmopan	1	The capital city is Belmopan.	
beluga	1	Many animals live there, like beluga whales, walruses, narwhals, seals, and polar bears.	
ben-hur	1	Some movies have won many Oscars, like 'Titanic' and 'Ben-Hur'.	
bengalis	1	People who live there are called Bengalis.	
bennu	1	In 2025, scientists found special stuff on an asteroid called Bennu, including the building blocks of life.	
benny	1	Some famous kickboxers are Benny Urquidez and Andrew Tate.	
berdjansk	1	Some cities near the sea are Berdjansk and Jeisk.	
berenstain	1	You might know some bears from stories, like Winnie the Pooh or the Berenstain Bears.	
bern	1	The city of Bern is used like a capital.	
bernard	1	Famous passes include the Khyber Pass and the Great St Bernard Pass.	
berners-lee	1	It was made by a man named Tim Berners-Lee in 1989.	
bert	1	It is a short name with two parts: Al and bert.	
bessie	1	I love our cow Bessie very much.	
beta	1	I am writing beta.	I am writing the word beta.
beth	1	Many people with this name are called Liz, Beth, or Eliza for short.	
betrothed	1	Dante Alighieri wrote a long poem called The Divine Comedy." Another important writer is Alessandro Manzoni, who wrote a story called "The Betrothed." Many Italian writers have won a big prize called the Nobel Prize for their stories and poems.	Dante Alighieri wrote a long poem called The Divine Comedy. Another important writer is Alessandro Manzoni, who wrote a story called "The Betrothed." Many Italian writers have won a big prize called the Nobel Prize for their stories and poems.
beyonc	1	Many famous singers like Beyoncé and Usher sing rhythm and blues.	
bhaji	1	People there eat tasty dishes like Pav Bhaji and Vada Pav.	
bibimbap	1	Then, you can try Korean food like kimchi and bibimbap.	
bie	1	A group called the BIE helps make sure the big shows are fair and fun.	
bieber	1	Many singers sing pop music, like Taylor Swift or Justin Bieber.	
bien	1	Her teacher smiled back and said "muy bien." Lily practiced saying "gracias" at lunchtime.	
bile	1	It makes a green-yellow juice called bile.	
billiards	1	Billiards is a game played on a table.	
billy	1	Billy is a short name for William.	
bimah	1	A bimah is a platform in a synagogue.	
bindings	1	Bindings hold your boots on the board.	
bing	1	Bing is a search engine like Google.	
bingham	1	Hiram Bingham found the city in 1911.	
binocular	1	One binocular is red and one is blue.	
biodiesel	1	Biodiesel is fuel made from old oil.	
biscotti	1	Biscotti is a sweet bread you eat.	
bishops	1	Bishops are pieces in chess.	
bislama	1	People in Vanuatu speak Bislama.	
bitterns	1	Bitterns are brown birds.	
blackie	1	The dog was named Blackie for his fur.	
blackpink	1	BLACKPINK is a South Korean music group.	
blacksmiths	1	Blacksmiths made things from metal.	
bleach	1	Bleach is a cleaner for clothes.	
bleacher	1	I saw a home run from the bleacher.	
bled	1	You take a bus to Lake Bled.	
bless	1	Her mom said, "Bless you!" and gave a tissue.	
blessings	1	He leads prayers and gives blessings.	
blindfold	1	A blindfold stops you from seeing.	
blinds	1	Blinds cover a window to keep light out.	
blistered	1	A burn can make your skin blistered.	
blocking	1	The moon blocking the sun makes an eclipse.	
blocky	1	Blocky lava makes piles of sharp rocks.	
blossom	1	Japan has a cherry blossom festival.	
blowhole	1	Whales breathe through a blowhole.	
blown	1	First, find the blown fuse.	
blt	1	A BLT is a sandwich with bacon, lettuce, and tomato.	
blu-glow	1	I call it 'blu-glow'.	
blubber	1	Blubber keeps seals warm in cold water.	
blue-eyed	1	The blue-eyed cat is sleeping.	
blue-ringed	1	The blue-ringed octopus can hurt people.	
bluebird	1	I saw an eastern bluebird yesterday.	
bluefin	1	Bluefin tuna is a very big fish.	
bluish-gray	1	It is shiny and bluish-gray.	
bluish-grey	1	Zinc is a metal that looks shiny and bluish-grey.	
bluish-white	1	Silver is a shiny, soft metal that is bluish-white.	
blunt	1	A porpoise has a blunt nose.	
boating	1	People have fun swimming and boating.	
boatman	1	A boatman drives the boat.	
bobbing	1	Bobbing for apples is a game.	
bobolink	1	The bobolink is a bird that lives there.	
bobsleds	1	Bobsleds were made long ago in St.	
bohai	1	The Bohai Sea is part of the Yellow Sea.	
bohol	1	Bohol is one of the big islands.	
bok	1	Bok globules are dark clouds in space.	
bol	1	Simón Bolívar helped the country become free.	
bolt-action	1	A bolt-action rifle has a handle to load bullets.	
bon	1	Bon Jovi made power ballads.	
bond's	1	This is the bond's cap.	
bondi	1	Bondi Beach is a famous beach.	
bone's	1	The bone's color is white.	
bone-crunching	1	A bone-crunching sound is very loud.	
bonfire	1	Hot smoke rises from the bonfire.	
bong	1	The town clock makes a bong sound.	
bonn	1	Bonn is a city on the Rhine River.	
boo-boos	1	They fix boo-boos and keep people safe.	
booklet	1	A small book is called a booklet.	
bookseller	1	A person who works in a bookstore is a bookseller.	
boom-boom-boom	1	Drums go boom-boom-boom in some music.	
boom-like	1	The drum sounded deep and boom-like.	The drum sounded deep and loud like a boom.
boom-stick	1	Dynamite is a strong boom-stick that people use to break big rocks.	Dynamite is a strong stick that goes boom. People use it to break big rocks.
boops	1	Music now has more beeps and boops.	Music now has more beeps and funny sounds.
boost	1	Saying 'I did it!' gives your self-esteem a boost.	Saying 'I did it!' makes you feel good about yourself.
boosters	1	The space shuttle had rocket boosters.	The space shuttle had big rocket helpers.
borderland	1	Ukraine means 'borderland'.Long ago, a powerful state called Kyivan Rus was in this land.	Ukraine means 'land at the edge'. Long ago, a strong place called Kyivan Rus was there.
borer	1	If an ash tree gets a bug called the emerald ash borer, it can get sick.	If an ash tree gets a bug called the green ash bug, it can get sick.
borges	1	Jorge Luis Borges was a famous writer.	
borrowing	1	Interest is a fee for borrowing money.	Interest is a fee for using someone else's money.
borrows	1	A credit card borrows money.	A credit card lets you use money you will pay back later.
borscht	1	Borscht is a soup they eat.	Borscht is a red soup they eat.
borysthenes	1	The Greeks called it the Borysthenes.	
bosporus	1	The Bosporus is a waterway in Istanbul.	
bot	1	Bot is a little robot.	A bot is a tiny robot.
botev	1	Botev peak is the highest in the Balkan Mountains.	
bottle's	1	The bottle's volume is one liter.	The bottle holds one liter.
boudhanath	1	Boudhanath is a big temple in Nepal.	
boulder	1	A boulder is a big rock.	A boulder is a very big rock.
boundary	1	A boundary shows where one thing ends.	A line shows where one thing ends.
bowl-shaped	1	A basket is a bowl-shaped thing to carry.	A basket is a round thing to carry.
bowmen	1	Mongol empire bowmen shot arrows that flew far.	Mongol fighters with bows shot arrows that flew far.
box's	1	So you know the box's size.	So you know how big the box is.
braces	1	A doctor uses braces to fix teeth.	A doctor uses wires on teeth to fix them.
brady	1	A man named Mathew Brady took war pictures.	
brain's	1	Dreams are the brain's way of thinking about the day.	Dreams are how the brain thinks about the day.
bram	1	A man named Bram Stoker wrote the story.	
braque	1	Two artists named Pablo Picasso and Georges Braque started Cubism.	
bravery	1	Fear makes you small, but bravery makes you big.	Fear makes you small, but being brave makes you big.
bray	1	A donkey makes a loud, funny sound called a bray.	A donkey makes a loud, funny sound.
brazil's	1	Nigeria's flag is green and white, Brazil's flag is green and yellow.	Nigeria's flag is green and white. Brazil's flag is green and yellow.
bread's	1	The bread's outside is crunchy.	The outside of the bread is crunchy.
bridal	1	It has three waterfalls: Horseshoe Falls, American Falls, and Bridal Veil Falls.	
bridgetown	1	Its capital city is Bridgetown.	
brikama	1	Many people live in the cities of Serekunda and Brikama.	
brisingamen	1	She has a pretty necklace called Brisingamen.	
bronchitis	1	Pneumonia, bronchitis, and a chest infection are all lung problems.	Pneumonia, a chest cold, and a chest infection are all lung problems.
broncos	1	They cheer for teams like the Broncos and the Nuggets.	
bros	1	Some old games, like Super Mario Bros, are still loved today.	
brown-red	1	It was very old and had a brown-red color.	It was very old and had a red-brown color.
brownies	1	Cake, cookies, and brownies are all sweet baked treats.	Cake, cookies, and chocolate squares are all sweet baked treats.
browns	1	People watch baseball with the Cleveland Indians, football with the Cleveland Browns, and basketball with the Cleveland Cavaliers.	
brr-brr	1	You can hear a mechanic use a loud tool that goes brr-brr.	
bruins	1	The Celtics play basketball, and the Bruins play hockey.	
brunelleschi	1	Long ago, a man named Filippo Brunelleschi first showed how to do this.	
brutalism	1	In building, modernism and brutalism use hard concrete.	In building, some styles use hard concrete.
brutus	1	Julius Caesar, Cicero, and Brutus are men from old Rome.	
bryndzov	1	You eat a tasty dumpling called bryndzové halušky.	
bubblegum	1	At the dentist, I can taste the sweet bubblegum toothpaste.	At the dentist, I can taste the sweet pink toothpaste.
bucket's	1	The bucket's handle is broken.	The handle of the bucket is broken.
buckingham	1	London has famous places like Big Ben, the London Eye, and Buckingham Palace.	
budapestr	1	For example, "from Budapest" becomes "Budapestről." Hungarian has 44 letters in its alphabet, more than the 26 letters in English.	
buddha's	1	Theravada Buddhism, Mahayana Buddhism, and Vajrayana Buddhism follow the Buddha's teachings.	
buddhas	1	The Gupta Empire made calm stone Buddhas, but later armies made sharp swords.	The Gupta Empire made calm stone statues, but later armies made sharp swords.
budget	1	Finance, savings, and budget are all ways to handle money.	Saving, planning, and spending are all ways to handle money.
budgie	1	A budgie has a long tail and can be green, yellow, blue, or white.	A small bird has a long tail and can be green, yellow, blue, or white.
budgies	1	Budgies live in dry parts of Australia.	These small birds live in dry parts of Australia.
bug-eating	1	Most of these plants catch bugs, so they are called bug-eating plants.	
building's	1	My mom shows me the building's big door.	My mom shows me the big door of the building.
bukhara	1	Bukhara and Samarkand are very old cities with pretty buildings.	
bulb's	1	Then, touch the other wire to the bulb's bottom.	Then, touch the other wire to the bottom of the bulb.
bull's	1	It had a strong body and a bull's head.	It had a strong body and a head like a bull.
bulldozer	1	A tank is a big, strong vehicle that moves on tracks like a bulldozer.	A tank is a big, strong truck that moves on tracks like a pushing machine.
bulldozers	1	Later, they used machines like cranes and bulldozers to help.	Later, they used big machines like cranes and pushers to help.
bullheads	1	They eat fish like sunfish, perch, and bullheads.	They eat fish like sunfish, perch, and small catfish.
bunt	1	A homer scores runs, but a bunt moves a runner.	A big hit scores runs, but a soft tap moves a runner.
buriganga	1	The city sits near a big river called the Buriganga.	
burkinab	1	People from Burkina Faso are called Burkinabè.	
burmese	1	Many people there speak a language called Burmese.	
burnie	1	Tasmania has four cities: Hobart, Launceston, Devonport, and Burnie.	
burping	1	In many places, doing private things like burping or picking your nose in public is not polite.	In many places, doing private things like burping or picking your nose in public is not nice.
bush's	1	Then, pour the water around the bush's roots.	Then, pour the water around the roots of the bush.
buster	1	In old movies, Charlie Chaplin, Buster Keaton, and Harold Lloyd are all funny men.	
busy-body	1	A busy-body is a nosey person.	A busy-body is a person who pokes their nose into others' business.
butchers	1	Butchers and firefighters wear chain mail gloves to keep their hands safe.	Meat cutters and firefighters wear metal gloves to keep their hands safe.
butler	1	A butler was the most important man servant.	A butler was the most important man helper in a big house.
butlers	1	Long ago in big houses, there were many helpers like butlers, maids, and nannies.	Long ago in big houses, there were many helpers like head helpers, maids, and nannies.
buttermilk	1	Then, they drink cool buttermilk to stay cool.	Then, they drink cool sour milk to stay cool.
buttoned	1	I check again that the coat is buttoned.	I check again that the coat is closed.
buttonhole	1	You push it through a small hole called a buttonhole.	You push it through a small hole.
buttresses	1	The walls are held up by special supports called flying buttresses.	The walls are held up by special stone arms.
buyers	1	Capitalism and a lemonade stand both need buyers and sellers.	A money system and a lemonade stand both need people who buy and people who sell.
buzzers	1	Some shows test what you know, and some have spinning wheels or buzzers.	Some shows test what you know, and some have spinning wheels or loud buttons.
cachupa	1	A popular food is a stew called cachupa.	
cactuses	1	It shows cowboys, horses, and big open lands with sand and cactuses.	It shows cowboys, horses, and big open lands with sand and spiky plants.
cadmium	1	Cd is a short way to write the metal cadmium.	Cd is a short way to write a metal.
caesar's	1	Julius Caesar's army was very strong.	
cairo's	1	Cairo's buildings are very tall.	
cake-making	1	My mom's cake-making is the best.	My mom makes the best cakes.
calais	1	It connects Folkestone in England to Calais in France.	
calfskin	1	Morocco and calfskin are types of leather.	Morocco and soft cow skin are types of leather.
cali	1	Other big cities are Medellín, Cali, and Cartagena.	
call-and-answer	1	It often has clapping, call-and-answer singing, and a voice that sounds tight and full of feeling.	It often has clapping, singing where one person calls and others answer, and a voice that sounds tight and full of feeling.
caller	1	First, the caller says a number.	First, the person who calls says a number.
callisto's	1	The scientists were happy to see Callisto's craters.	
calmer	1	You can also feel calmer by taking deep breaths or doing quiet things like drawing.	You can also feel more calm by taking deep breaths or doing quiet things like drawing.
calorimeter	1	You can measure heat with a tool called a calorimeter.	You can measure heat with a special tool.
calypso	1	He stays with a woman named Calypso for seven years.	
cambodians	1	The people are called Cambodians or Khmer, and they speak Khmer.	
camellias	1	People also grow camellias in gardens because the flowers are beautiful.	People also grow pretty flowers in gardens because the flowers are beautiful.
campervan	1	They sleep in a tent, a campervan, or right under the sky when the weather is nice.	They sleep in a tent, a small home on wheels, or right under the sky when the weather is nice.
campsite	1	You can find it at a campsite, in a backyard, or on a beach.	You can find it at a place where people sleep outside, in a backyard, or on a beach.
campus	1	The campus looks exciting with many buildings.	The school area looks exciting with many buildings.
canadiens	1	Ice hockey was invented in Montreal, and the city has its own team called the Montreal Canadiens.	
canal's	1	The canal's water is green in summer.	The water in the man-made river is green in summer.
canaria	1	There are seven big islands: La Palma, La Gomera, El Hierro, Tenerife, Gran Canaria, Lanzarote, and Fuerteventura.	
canberra	1	The capital city is Canberra, and the biggest city is Sydney.	
candidates	1	First, everyone learns about the candidates.	First, everyone learns about the people who want the job.
candle's	1	A candle's small, bright flame helps some people with their spirituality.	A candle's small, bright flame helps some people feel close to God.
candlelight	1	First, he learned to read by candlelight.	First, he learned to read by the light of a candle.
candy-filled	1	Some kids play with a candy-filled toy at parties.	Some kids play with a toy full of candy at parties.
canel	1	Then, eat a sweet cake called a canelé.	
cangdi	1	Long ago, people believed a god named Cangdi lived on the mountain.	
canis	1	He taught me that "canis" means dog.	
canoeing	1	You might see one at a lake or on a river where people go canoeing.	You might see one at a lake or on a river where people go in small boats.
canon	1	Theravada Buddhists follow the Pali Canon, the earliest Buddhist texts.	
canopy	1	Below that is the canopy, which is like a big green roof.	Below that is the top part of the trees, which is like a big green roof.
cantaloupe	1	Cantaloupe is another kind of melon with orange inside.	
canterbury	1	Later, a man named Geoffrey Chaucer wrote funny stories called The Canterbury Tales.	
cantuta	1	The national flower is called the Cantuta.	
capelin	1	Many fish live there, like cod and capelin.	
capillaries	1	Very tiny tubes called capillaries connect arteries and veins.	Very tiny tubes connect the big blood tubes.
capitan	1	Then, you look at the giant rock called El Capitan.	
capsicums	1	I have three capsicums in my garden.	I have three bell peppers in my garden.
captains	1	Some officers are captains or lieutenants.	Some officers are leaders or helpers.
caption	1	First, someone makes a meme with a silly caption.	First, someone makes a funny picture with silly words.
carabiners	1	They also use metal clips called carabiners to hold the rope.	They also use metal clips to hold the rope.
caracas	1	The capital city is Caracas.	
caravans	1	Many Roma people live in parts of Europe, and they move from place to place in big homes on wheels called caravans.	Many Roma people live in parts of Europe, and they move from place to place in big homes on wheels.
cardiologists	1	The doctors who do this work are called cardiologists.	The doctors who do this work are called heart doctors.
careless	1	You fall when you are careless, but you walk when you are careful.	You fall when you are not careful, but you walk when you are careful.
caribbean's	1	The Caribbean's water is very clear.	The water in the Caribbean Sea is very clear.
caribs	1	Later, people named the sea after a group of people called the Caribs.	
carlo	1	Monaco is famous for the Monte Carlo Casino and a big car race called the Monaco Grand Prix.	
carlton	1	The city has a very tall building called the Carlton Centre and a very tall tower called the Hillbrow Tower.	
carnac	1	There are many old stones standing up in the ground in a place called Carnac.	
carnation	1	In 1974, a peaceful revolution called the Carnation Revolution changed the government.	
caroling	1	This is called caroling.	This is called singing Christmas songs.
carothers	1	It was invented a long time ago by a man named Wallace Carothers.	
carpathians	1	Tall mountains called the Carpathians go through the middle of Romania.	
carpool	1	Buses and special carpool lanes can help fix this problem.	Buses and special lanes for cars with many people can help fix this problem.
carrier's	1	First, a plane lands on the carrier's deck.	First, a plane lands on the big ship's flat top.
carroll	1	The story was written by Lewis Carroll a long time ago.	
carrot's	1	This is a carrot's green top.	
cart's	1	The cart's wheel is squeaky.	
cartagena	1	Other big cities are Medellín, Cali, and Cartagena.	
cartographers	1	Anyone can draw a simple map, but cartographers learn how to make maps that are very neat and correct.	Anyone can draw a simple map, but map makers learn how to make maps that are very neat and correct.
cartoon's	1	This is the cartoon's happy song.	
cartridges	1	Cassettes are small tape cartridges with two sides.	Cassettes are small tape boxes with two sides.
cartwright	1	A long time ago, a man named Edmund Cartwright made a loom that worked by itself.	
cassatt	1	Other impressionist painters include Pierre-Auguste Renoir, Edgar Degas, and Mary Cassatt.	
cassini-huygens	1	A spacecraft called Cassini-Huygens visited Titan and took pictures of its lakes.	
castile	1	The word for Spanish in Spanish is "español." Spanish is also called Castilian because it came from a place called Castile.	
castilian	1	The word for Spanish in Spanish is "español." Spanish is also called Castilian because it came from a place called Castile.	
castillo	1	The most famous building there is a big pyramid called El Castillo.	
castries	1	The capital city is Castries, where many people live.	
castro	1	In 1959, a man named Fidel Castro led a revolution and took over the country.	
catnip	1	Bone is to dog as catnip is to cat.	Bone is to dog as a special plant is to cat.
cava	1	The biggest vein in your body is called the vena cava.	The biggest blood tube in your body is called the vena cava.
cavaliers	1	People watch baseball with the Cleveland Indians, football with the Cleveland Browns, and basketball with the Cleveland Cavaliers.	
caye	1	Belize has many islands, and the biggest one is called Ambergris Caye.	
cayman	1	The Cayman Islands are often included too.	
cayuga	1	These tribes were the Mohawk, Oneida, Onondaga, Cayuga, and Seneca.	
cd's	1	I like this CD's music.	
celia	1	Some famous salsa singers are Celia Cruz and Willie Colón.	
cena	1	Some famous wrestlers are Hulk Hogan, The Rock, and John Cena.	
cernunnos	1	They believed in many gods and goddesses, like Lugus and Cernunnos.	
cetinje	1	The old capital is Cetinje.	
ceylon	1	Sri Lanka was once called Ceylon.	
chamorro	1	The native people are called Chamorro.	
champollion	1	Then a big stone called the Rosetta Stone helped a man named Champollion figure out how to read them again.	
chandragupta	1	A king named Chandragupta I bossed the Gupta Empire first.	
charming	1	Yes, remember the prince's name is Charming.	
chart's	1	The chart's paper is white.	
chattahoochee	1	You can find it near a river called the Chattahoochee.	
chaucer	1	Later, a man named Geoffrey Chaucer wrote funny stories called The Canterbury Tales.	
checkup's	1	The checkup's main part is checking your heart and lungs.	
checkups	1	Two checkups a year are not needed for most kids.	Two doctor visits a year are not needed for most kids.
cheerios	1	Some cereals are for kids, like Cheerios or Cocoa Puffs.	
cheese's	1	The cheese's smell is strong.	
chemical's	1	The chemical's color is yellow.	
chennai	1	Delhi, Mumbai, and Chennai are cities in India.	
chewed-up	1	Worker wasps feed the baby wasps chewed-up bugs.	Worker wasps feed the baby wasps bugs that they chewed up.
chiang	1	Bangkok and Chiang Mai are places in Thailand.	
chichewa	1	People there speak English and Chichewa.	
chidi	1	A boy named Chidi lives in Nigeria.	
chile's	1	Chile's national flower is the copihue, a red bell-shaped flower.	
chima	1	Then, tie the chima skirt or baji pants.	Then, tie the skirt or pants.
chimera	1	Together, they fought a scary monster called the Chimera.	
ching	1	Yes, it has a book called the Tao Te Ching.	
chip's	1	The chip's silicon is very clean.	
chnum	1	Some old stories say that a god named Chnum made the first people on a potter's wheel.	
chokusu	1	The highest mountain is called Jengish Chokusu.	
chomolungma	1	They call it "Chomolungma," which means "mother of the earth.Some Sherpas help other people climb the mountain.	
chong	1	Badminton player Lee Chong Wei and squash player Nicol David are famous athletes from Malaysia.	
choseoneo	1	In South Korea, people call it "hangukmal" or "hangugeo." In North Korea, they call it "choseonmal" or "choseoneo.Koreans also call their language 'urimal,' which means 'our language.'" Korean has its own special alphabet called Hangul.	
choseonmal	1	In South Korea, people call it "hangukmal" or "hangugeo." In North Korea, they call it "choseonmal" or "choseoneo.Koreans also call their language 'urimal,' which means 'our language.'" Korean has its own special alphabet called Hangul.	
christchurch	1	First, you fly to a city called Christchurch.	
chromosomes	1	Genes and chromosomes are both inside a cell.	Genes and tiny parts called chromosomes are both inside a cell.
chuck	1	Some famous rock and roll singers were Elvis Presley, Chuck Berry, and Little Richard.	
chunk	1	An air mass is a big chunk of air that moves together.	An air mass is a big piece of air that moves together.
chunnel	1	People can cross it on a boat called a ferry, or ride a train through a tunnel under the water called the Chunnel.	People can cross it on a boat called a ferry, or ride a train through a tunnel under the water called the big tunnel.
churchill	1	Adolf Hitler and Winston Churchill were both men who led their nations during World War II.	
cicero	1	Julius Caesar, Cicero, and Brutus are men from old Rome.	
cinderella's	1	It fits Cinderella's foot.	
circle's	1	She said the circle's outside is not straight but round.	She said the outside of the circle is not straight but round.
citizenships	1	That is called having two citizenships.	That is called having two countries you belong to.
clara	1	We are four friends: Anna, Ben, Clara, and me.	
clarke	1	Clarke.	
class's	1	This is my class's pet hamster.	This is my class pet hamster.
classwork	1	Homework is work at home, but classwork is work at school.	Homework is work at home, but work at school is classwork.
cleanly	1	Some things burn cleanly but can be dangerous.	Some things burn in a clean way but can be dangerous.
cleo	1	Cleo is a clever little fox who lives in the forest.	
click-clack-ding	1	Tom loves to hear it go click-clack-ding.	
climax	1	The most exciting part is called the climax.	The most exciting part is called the top of the story.
cloth's	1	The cloth's color is red.	The color of the cloth is red.
cloud-like	1	I see two cloud-like things in the big space book.	I see two things that look like clouds in the big space book.
clovers	1	Other people look for four-leaf clovers because they think these bring good luck.	
club's	1	A club's head is shiny.	The head of a club is shiny.
clucky	1	Tom has a pet chicken named Clucky.	
clutches	1	Some handbags are called purses or clutches.	Some handbags are called purses or small bags.
clutter	1	Mess and clutter are things that are not tidy.	
coat's	1	The coat's pocket is full of leaves.	The pocket of the coat is full of leaves.
coca-cola	1	A famous drink called Coca-Cola comes from there.	
cock-a-doodle-doo	1	A farm rooster says cock-a-doodle-doo.	
coding	1	Robotics, coding, and making a paper plane are all ways to make things move.	
cohen	1	Rabbi Cohen lives in a small town with his family.	
cohl	1	One of the first cartoon makers was Emile Cohl.	
col	1	Some famous salsa singers are Celia Cruz and Willie Colón.	
come-a-wassailing	1	Some well-known Christmas carols are "We Wish You a Merry Christmas" and "Here We Come-A-Wassailing." Today, many families sing Christmas carols together during the holiday.	Some well-known Christmas songs are "We Wish You a Merry Christmas" and "Here We Come-A-Wassailing." Today, many families sing Christmas songs together during the holiday.
comore	1	The biggest island is Grande Comore.	
compact	1	Compact discs, or CDs, came next and use digital data to play music.	Small discs, or CDs, came next and use digital data to play music.
comparative	1	If one day is colder than another, we say it is "colder." That is the comparative form.	If one day is colder than another, we say it is "colder." That is the comparing form.
compiler	1	People write programs in languages like C, and a compiler turns them into the computer's language.	People write programs in languages like C, and a special tool turns them into the computer's language.
complained	1	Lily never complained because her family loved each other.	Lily never said she was unhappy because her family loved each other.
complement	1	The complement is the things not in a set.	
composite	1	Prime numbers and composite numbers are in the group of whole numbers greater than one.	
cone-shaped	1	They did not live in cone-shaped tents.	They did not live in tents shaped like cones.
cookers	1	Solar cookers use mirrors to focus sunlight and get very hot.	Sun cookers use mirrors to focus sunlight and get very hot.
coolers	1	Some small ones, called coolers, use ice instead.	
copacabana	1	The city has many beaches, like Copacabana and Ipanema.	
copycat	1	The judge may make the copycat pay money or go to jail.	
cores	1	Waste, like apple cores and egg shells, is from food.	
corinthians	1	Football is very popular, and there are big teams like Corinthians, Palmeiras, and São Paulo.	
cornbread	1	Maize can be ground into flour to make tortillas and cornbread.	Maize can be ground into flour to make flat bread and cornbread.
cornmeal	1	Maize is to cornmeal as apple is to juice.	
cosimo	1	The building was first made as offices for the city, and that is why it is called Uffizi, which means "offices.Later, a duke named Cosimo put his family's best art inside.	
cosine	1	A logarithm, a sine, and a cosine are all math things.	
cotonou	1	The capital city is Porto-Novo, but the biggest city is Cotonou.	
cottage	1	A small house is sometimes called a cottage.	
cottonmouth	1	It is also called a cottonmouth snake because the inside of its mouth is white.	
cougar	1	It is also called a cougar or mountain lion.	
cougars	1	You can find guanacos, cougars, and foxes on the plains.	
councils	1	Cities and towns also have groups like this, and they are called councils.	
countdown	1	We make a cool countdown and the rocket goes up.	
coupon	1	A card, a ticket, and a coupon are paper things you hold.	
courgette	1	Some people call it courgette or baby marrow.	
courthouse	1	The court is inside a special building called a courthouse.	
covid	1	The most famous one is the kind that caused COVID-19.	
cowbells	1	He walked on soft green grass and heard cowbells ring.	
crankshaft	1	An engine has many parts like pistons and a crankshaft.	
crawdad	1	Some people call it a crawfish or a crawdad.	
crawly	1	For example, a caterpillar is long and crawly.	
creaked	1	The dock creaked when he walked on it.	The dock made a creaking sound when he walked on it.
cria	1	A baby llama is called a cria.	
crimea	1	The sea is divided by a piece of land called Crimea.	
crocheting	1	They use knitting, crocheting, or weaving to make it.	
crocodile's	1	Alligators look like crocodiles, but you can see a crocodile's big tooth when its mouth is closed.	
croquet	1	She played croquet with a flamingo and a hedgehog.	She played a game with a flamingo and a hedgehog.
cross-country	1	Cross-country skiing is when you ski on flat snow through forests or towns.	
crossbones	1	He sails on a big boat with a black flag that has a skull and crossbones.	
crossings	1	New roads mean more safe school crossings.	
crosswords	1	Crosswords are in newspapers, magazines, and on the Internet.	
cruise	1	The Port of Miami is a very busy port for cruise ships.	The Port of Miami is a very busy port for big ships.
crunching	1	The gravel made a crunching sound under his shoes.	
crusts	1	It makes food taste good and helps make pie crusts flaky.	
ctrl	1	Keyboards can have different numbers of rows, and some have special keys like Shift or Ctrl to do different things.	
cu-ckoo	1	A cuckoo is a bird that makes a sound like "cu-ckoo." The male cuckoo sings this song.	
cubbies	1	They have the same number of toys in their cubbies.	
cuddly	1	A stuffed toy is a soft, cuddly friend.	
culebra	1	The main island is big, and there are also smaller islands like Vieques and Culebra.	
cupid	1	He had two baby boys named Romulus and Remus, and another son named Cupid.	
curie's	1	This is Marie Curie's coat for work.	
cut-and-cover	1	That is called cut-and-cover.	
cutters	1	It grows all the time, so you need to cut it with small cutters.	
cyril	1	Long ago, two men named Cyril and Methodius made an early version of this alphabet.	
cze	1	You can say "Dzień dobry" for "Good morning" and "Cześć" for "Hi" or "Bye".	
czechs	1	Some Slavs are called Russians, Poles, Ukrainians, Czechs, Slovaks, and many other names.	
d'ivoire	1	It is next to Mali, Niger, Benin, Togo, Ghana, and Côte d'Ivoire.	
d'ocha	1	In Cuba, it is sometimes called 'regla d'ocha,' which means 'the way of the spirits.'' Some people who follow this religion also go to a Catholic church.	
dalai	1	The leader of the Buddhists in Tibet is called the Dalai Lama.	
dali	1	Some famous dream artists were Salvador Dali and Joan Miro.	
dangers	1	A big storm and a flood are dangers from nature.	
dank	1	First, learn simple words like 'hallo' and 'dank je'.	
danke	1	I learn German words: hallo and danke.	
dansk	1	The people who live in Denmark call their language 'dansk'.	
daphne	1	Apollo also loved a nymph named Daphne, but she turned into a laurel tree to get away from him.	
dari	1	People in Afghanistan speak Dari and Pashto.	
darius	1	Cyrus the Great, King Darius, and King Xerxes were old kings.	
darjeeling	1	There are hills in the north called the Darjeeling Hills, and a big forest called the Sundarbans where tigers live.	
darkest	1	It is the darkest color you can see.	
darkly	1	Please paint the asteroid more darkly.	Please paint the asteroid with a darker color.
darling	1	Many rivers join the Murray, like the Darling and the Murrumbidgee.	
darwin's	1	Charles Darwin's ideas changed how we see the world.	
dashain	1	The people celebrate festivals like Dashain and Tihar.	
dassies	1	Some people call them dassies.	Some people call them rock rabbits.
dayuni'si	1	In one story, a little bug named Dayuni'si brought up mud from deep water, and the mud grew and grew until it became the whole earth.	
dc	1	Later, superheroes from Marvel and DC Comics became action figures.	
debugging	1	Finding and fixing mistakes is called debugging.	Finding and fixing mistakes is called fixing bugs.
debussy	1	In France, Claude Debussy made music that sounds like paintings, with blurry notes and pretty chords.	
decaf	1	Some people drink coffee without caffeine, which is called decaf.	Some people drink coffee without the wake-up stuff. That is called decaf.
decoding	1	That is called decoding.	That is called figuring out the message.
dededo	1	The capital city is Hagåtña, and the biggest city is Dededo.	
defense	1	Sometimes the body's defense system gets confused and attacks your own body, which is called a self-attack disease.	Sometimes the body's guard system gets mixed up and fights your own body. That is called a self-attack sickness.
degas	1	Other impressionist painters include Pierre-Auguste Renoir, Edgar Degas, and Mary Cassatt.	
deimos	1	Mars has two tiny moons named Phobos and Deimos.	
delaware	1	The city is near a big river called the Delaware River.	
delhi's	1	Delhi's buildings are very tall.	The buildings in Delhi are very tall.
delight	1	Many people in Turkey eat foods like meat on a stick, baklava, and Turkish delight.	Many people in Turkey eat foods like meat on a stick, sweet pastry, and a soft candy.
delos	1	Apollo was born on a small island called Delos.	
dendera	1	Her temple is in Dendera, Egypt.	
deng	1	A boy named Deng lives in South Sudan.	
denomination	1	Theravada is a school of Buddhism, just as Catholicism is a denomination of Christianity.	Theravada is a kind of Buddhism, just as Catholicism is a kind of Christianity.
destroyer	1	Shiva is known as the destroyer, but he destroys bad things to make the world better.	Shiva is known as the one who breaks things, but he breaks bad things to make the world better.
destroys	1	Shiva is known as the destroyer, but he destroys bad things to make the world better.	Shiva is known as the one who breaks things, but he breaks bad things to make the world better.
detailed	1	Wow, realism is so detailed!	Wow, this art looks so real and has many small parts!
detectives	1	Detectives use clues to solve mysteries.	People who find clues to solve mysteries are called clue finders.
determinism	1	That idea is called determinism.	That idea is called the belief that everything is already set.
dettah	1	In winter, people drive on ice to go to Dettah.	
deuce	1	When both players have 40, it is called deuce.	When both players have 40, it is called a tie score.
deuteronomy	1	These books are called Genesis, Exodus, Leviticus, Numbers, and Deuteronomy.	
devonport	1	Tasmania has four cities: Hobart, Launceston, Devonport, and Burnie.	
dholavira	1	Mohenjo-daro, Harappa, and Dholavira are old cities.	
di-pertuan	1	The king is called the Yang di-Pertuan Agong.	
dialing	1	People call an ambulance by dialing 911 in the US.	People call an ambulance by pressing 911 in the US.
dictators	1	What do you know about dictators?	What do you know about very mean leaders?
dietitian	1	A dietitian helps people with food.	A food helper tells people what to eat.
diets	1	Special diets can be good.	Special ways of eating can be good.
digit's	1	In binary, each digit's place value is two times the last.	In binary, each number's place value is two times the last.
diktys	1	A kind man named Diktys took care of them.	
dill	1	She put them in salty water with dill and garlic.	She put them in salty water with a green herb and garlic.
ding-ding	1	A bike makes a ding-ding sound with its bell.	A bike makes a ring-ring sound with its bell.
dinnertime	1	The music played until dinnertime.	The music played until supper time.
dino	1	We look at the dino bones in the museum.	We look at the big old animal bones in the museum.
diomede	1	There are two small islands called the Diomede Islands.	
diplodocuses	1	I saw two diplodocuses at the museum.	I saw two long-necked dinosaurs at the museum.
diplomacy's	1	Diplomacy's goal is to keep peace.	The goal of talking between countries is to keep peace.
director	1	A director tells the actors what to do.	A boss tells the actors what to do.
diriyah	1	Diriyah is a special old town that people visit.	
dirtier	1	One shoe is dirtier than the other, so I clean that one first.	One shoe is more dirty than the other, so I clean that one first.
disabled	1	Disabled people have special parking spots.	People who have a hard time walking have special parking spots.
disappointment	1	Sadness and disappointment can make you cry.	Sadness and feeling let down can make you cry.
discovery's	1	The discovery's color was so pretty.	The new thing's color was so pretty.
disgusted	1	Yes, the face is disgusted.	Yes, the face shows a yucky feeling.
dish's	1	The dish's color is blue.	The plate's color is blue.
dish-shaped	1	Big dish-shaped antennas catch radio waves from space.	Big round antennas catch radio waves from space.
dishwashers	1	We have two dishwashers in the big kitchen.	We have two dish washing machines in the big kitchen.
displacement	1	The shortest way from one place to another is called displacement.	The shortest way from one place to another is called the straight-line path.
displays	1	I have two liquid crystal displays on my desk.	I have two flat screens on my desk.
dispute	1	Sometimes two countries do not agree about land, and that is a dispute.	Sometimes two countries do not agree about land, and that is a fight.
dissolves	1	Salt dissolves in water, but sand does not.	Salt melts away in water, but sand does not.
distillate	1	That clean liquid is called the distillate.	That clean liquid is called the pure water.
dividend	1	The number you share is called the dividend.	The number you share is called the big number.
divine	1	Dante Alighieri wrote a long poem called The Divine Comedy." Another important writer is Alessandro Manzoni, who wrote a story called "The Betrothed." Many Italian writers have won a big prize called the Nobel Prize for their stories and poems.	Dante Alighieri wrote a long poem called The Godly Comedy. Another important writer is Alessandro Manzoni, who wrote a story called The Betrothed. Many Italian writers have won a big prize called the Nobel Prize for their stories and poems.
divisible	1	A prime number is only divisible by one and itself.	A prime number can only be split evenly by one and itself.
divisor	1	A prime number must have exactly two different divisors, and one only has one divisor, which is one.	A prime number must have exactly two different numbers that can split it, and one only has one number that can split it, which is one.
divorced	1	Married, single, and divorced are words for people and love.	Married, single, and no longer married are words for people and love.
diyas	1	Then, we light small lamps called diyas.	Then, we light small lamps called little clay lamps.
dizziness	1	After a while, the dizziness went away.	After a while, the feeling of spinning went away.
dj	1	A DJ plays it by mixing different sounds together.	A music mixer plays it by mixing different sounds together.
djembes	1	I see two djembes on the floor.	I see two hand drums on the floor.
djokovic	1	A famous tennis player from Serbia is Novak Djokovic.	
djs	1	DJs use special tools like keyboards and drum machines to make music.	Music mixers use special tools like keyboards and drum machines to make music.
djurg	1	The old part of the city is called Gamla Stan, which means "Old Town.There is a big park on an island called Djurgården.	
dmz	1	The country is separated from South Korea by a special line called the DMZ.	
do-re-mi	1	I will sing Do-Re-Mi from The Sound of Music.	
dobr	1	She said Dobrý den to her teddy bear.	
docked	1	Two Soyuz are docked on the left side.	Two space ships are joined on the left side.
doctoring	1	Dentistry and eye doctoring both look at parts of your head.	Tooth fixing and eye fixing both look at parts of your head.
documents	1	The mail is important because it has documents for work.	The mail is important because it has papers for work.
dodge	1	They are very fast fliers and can dodge and turn quickly.	They are very fast fliers and can move away and turn quickly.
dog-like	1	He has the head of a bird or a dog-like animal.	
dogg	1	Many singers use short, fun names like Snoop Dogg or Eminem.	
doggie	1	A doggie door is a tiny door at the bottom for pets.	A pet door is a tiny door at the bottom for pets.
doggy	1	The pet dog has a wet, doggy smell after the rain.	The pet dog has a wet, dog smell after the rain.
dollar's	1	The dollar's value is one hundred cents.	The dollar is worth one hundred cents.
domino	1	It is like the first domino that falls and makes the next one fall.	It is like the first block that falls and makes the next one fall.
donatello	1	Michelangelo and Donatello both made stone people.	
donation	1	I put the old trousers in a bag for donation.	I put the old trousers in a bag to give away.
door's	1	The door's color is green.	The door is green.
doorknobs	1	We can stop the spread by cleaning toys and doorknobs.	We can stop the spread by cleaning toys and door handles.
doorstep	1	Lily found a brown parcel on the doorstep.	Lily found a brown box on the step outside the door.
dorm	1	A bedroom, a nursery, and a dorm room all have a bed for sleeping.	A bedroom, a baby's room, and a school sleep room all have a bed for sleeping.
dormitories	1	Some students live at the university in buildings called dormitories.	Some students live at the university in buildings called sleep halls.
dormitory	1	A complex, a hotel, and a dormitory are places where people live.	A big building, a hotel, and a sleep hall are places where people live.
dorms	1	Some students live in big houses called dorms on the school grounds.	Some students live in big houses called sleep halls on the school grounds.
dottie	1	A dung beetle named Dottie pushed a big ball of dirt.	
doubled	1	It makes a straight line where the flat thing is doubled over.	It makes a straight line where the flat thing is folded over.
doubling	1	For example, if you keep doubling 2, a logarithm tells you how many doublings make 8.	For example, if you keep making 2 twice as big, a log tells you how many times you made it twice as big to get 8.
doublings	1	For example, if you keep doubling 2, a logarithm tells you how many doublings make 8.	For example, if you keep making 2 twice as big, a log tells you how many times you made it twice as big to get 8.
douro	1	Porto sits next to a big river called the Douro.	
dragon's	1	Then the princess put her belt around the dragon's neck, and the dragon followed her.	Then the princess put her belt around the big lizard's neck, and the big lizard followed her.
dragonfruit	1	The fruit of some cacti, like dragonfruit and prickly pear, is eaten by people.	
drake	1	A baby duck is called a duckling, and a male duck is called a drake.	A baby duck is called a duckling, and a boy duck is called a drake.
drakensberg	1	It starts in the Drakensberg mountains and flows through South Africa and Namibia.	
dreamtime	1	They told stories about how the world was made, called the Dreamtime.	
druidism	1	Another is Druidism.	
ds	1	The Nintendo DS and PlayStation Portable are two kinds of handheld consoles.	
du	1	Some famous cellists are Yo-Yo Ma and Jacqueline du Pré.	
duarte	1	The highest mountain is called Duarte Peak.	
dubrovnik	1	Many people visit Croatia to swim in the clear water and see old cities like Dubrovnik.	
duck-billed	1	One platypus is called the duck-billed platypus.	
dumpty	1	You can hear it in nursery rhymes like "Humpty Dumpty" or "Twinkle, Twinkle, Little Star." When words like "cat" and "hat" sound alike at the end, that is a rhyme.	
dungeons	1	There are also dice with more sides, like in Dungeons and Dragons.	
dunno	1	Some slang words are short, like 'dunno' for 'I don't know'.	
dylan	1	Long ago, singers like Bob Dylan made protest songs about war.	
dysnomia	1	Eris has one small moon named Dysnomia.	
e-liz-a-beth	1	It is a long name with three parts: E-liz-a-beth.	
eagle's	1	It can have parts from different real animals, like a lion's body and an eagle's wings.	
eah	1	They make a loud sound that goes 'EAW EAH'." Donkeys eat grass and hay.	They make a loud sound that goes 'EAW EAH'. Donkeys eat grass and hay.
earp	1	One famous cowboy is called Wyatt Earp.	
easternmost	1	Eastern and easternmost are words about places far to the right on a map.	
eau	1	Cologne is also known for a special smell called Eau de Cologne.	
eaw	1	They make a loud sound that goes 'EAW EAH'." Donkeys eat grass and hay.	They make a loud sound that goes 'EAW EAH'. Donkeys eat grass and hay.
eclipses	1	Eclipses do not happen very often.	
eden	1	They lived in a beautiful garden called Eden.	
edgar	1	Other impressionist painters include Pierre-Auguste Renoir, Edgar Degas, and Mary Cassatt.	
edm	1	Some electronic music is made for dancing, and it is called EDM.	
edmond	1	A man named Edmond Halley figured out that it comes back again and again.	
edo	1	Long ago, Tokyo was called Edo and was a small fishing village.	
eft	1	This young newt is called an eft.	
egbert	1	Later, one king named Egbert became the first king of all England.	
eggnog	1	Some people also put a tiny bit on top of eggnog during winter holidays.	
eggplant	1	It is also called eggplant.	
egrets	1	Some herons are white and are called egrets.	
eider	1	Many birds live there, like eider ducks and puffins.	
eight-ball	1	There are many kinds of pool games, like eight-ball and nine-ball.	
eilat	1	Some towns by the Red Sea are Sharm el-Sheikh, Eilat, and Hurghada.	
eileithyia	1	She has two daughters named Hebe and Eileithyia, and two sons named Ares and Hephaestus.	
eisteddfod	1	They have a special festival called Eisteddfod where they sing and share stories.	
el-e-phant	1	Some words are short, like "go," and some are long, like "el-e-phant."	
el-sheikh	1	Some towns by the Red Sea are Sharm el-Sheikh, Eilat, and Hurghada.	
elbert	1	The highest part is called Mount Elbert.	
eleanor	1	Later, a queen named Eleanor married a king of England, and the city became part of England for a while.	
electrician	1	A mechanic, a plumber, and an electrician are all workers who fix things.	
element's	1	A chemical element's color can be red or yellow.	
eleonora's	1	One kind of falcon, called Eleonora's falcon, sometimes traps small birds in cracks in rocks to save them for later.	
elevated	1	People call it different names like subway, underground, tube, or elevated.	
elf	1	A fairy and an elf are small magic people.	
elgin	1	It also has the Elgin Marbles, which are stone carvings from Greece.	
eliza	1	Many people with this name are called Liz, Beth, or Eliza for short.	
elizabeth's	1	This is Elizabeth's bag.	
ellora	1	There are old caves called Ajanta and Ellora that people visit.	
elton	1	Some famous people like Bill Gates and Elton John have been made knights.	
embassy	1	An ambassador lives in a far-away country and works in a big house called an embassy.	
emile	1	One of the first cartoon makers was Emile Cohl.	
emir	1	The ruler of Qatar is called an emir.	
emirate	1	Each emirate is ruled by a leader.	
empanada	1	Then, you eat a tasty snack called empanada.	
empanadas	1	Yes, empanadas and steak are yummy.	
emperor's	1	Later, when the emperor's court became less strong, women did not write as many famous works.	
enemy's	1	Then, he moves it to block the enemy's hit.	
engaged	1	Married and engaged are both about two people who love each other.	
engels	1	Karl Marx and his friend Engels wrote hard books.	
enkidu	1	A famous story from there is about a king named Gilgamesh and his friend Enkidu.	
erasmus	1	The city also has a university called Erasmus University Rotterdam.	
erikson	1	Another man named Erik Erikson said children go through eight stages, and at each stage they learn to solve a problem between two feelings.	
eritreans	1	People from Eritrea are called Eritreans.	
esch	1	I know two cities there: Luxembourg City and Esch.	
escher	1	Escher made beautiful pictures with tessellations.	
eskimos	1	They are sometimes called Eskimos, but most Inuit do not like that name.	
espa	1	The word for Spanish in Spanish is "español." Spanish is also called Castilian because it came from a place called Castile.	
estonian	1	People there speak a language called Estonian.	
etruscan	1	The smallest shrew is the Etruscan shrew, which is only as long as your finger and very light.	
ett	1	For example, 'a house' is 'ett hus', and 'the house' is 'huset'.	
eur	1	Its name comes from putting "Eur" from Europe and "Asia" together.	
euromast	1	There is a tall tower called the Euromast that you can see from far away.	
europe's	1	The stories about Europe's past are about real people.	
evenks	1	The name "Lena" means "The Large River" in the language of the Evenks people who live nearby.	
ewe	1	A girl sheep is called a ewe.	
excel	1	Microsoft Excel and Google Sheets are two popular spreadsheet programs.	
exodus	1	These books are called Genesis, Exodus, Leviticus, Numbers, and Deuteronomy.	
expressionist	1	One famous expressionist painting is called "The Scream" by an artist named Edvard Munch.	
eyebrow	1	She looked at him with one eyebrow up.	
face-off	1	The game starts with a face-off, where two players try to get the ball first.	
familia	1	One famous church is called Sagrada Familia, and it is still being built.	
faneuil	1	You can see old places like Faneuil Hall and the Freedom Trail.	
faraday's	1	Michael Faraday's work helps us have lights and fans in our house.	
fars	1	He fars the toy.	
farsi	1	It is also called Farsi.	
fc	1	It is famous for its soccer team, FC Bayern Munich, which wins many games.	
feet-first	1	Diving is jumping into water head-first or feet-first.	
feldspar	1	Some rocks are very common, like quartz and feldspar.	
felipe	1	The king of Spain is Felipe the sixth.	
femur	1	The big bone in the leg is the femur.	
feng	1	There is a big party called Feng Shan that happens on the mountain.	
fenway	1	The Red Sox play baseball at Fenway Park.	
fidel	1	In 1959, a man named Fidel Castro led a revolution and took over the country.	
fiesta	1	There are two amusement parks: Six Flags Fiesta Texas and SeaWorld San Antonio.	
fifty-nine	1	It comes after fifty-nine and before sixty-one.	
fifty-seven	1	Many people live there, about fifty-seven million.	
filipino	1	You can hear it when Filipino families talk at home or sing songs.	You can hear it when families from the Philippines talk at home or sing songs.
filippo	1	Long ago, a man named Filippo Brunelleschi first showed how to do this.	
finale	1	The last part is called the finale.	The last part is called the end.
finch's	1	A finch's beak can change over time.	A small bird's beak can change over time.
finnan	1	Some smoked fish is called Finnan haddie.	
first-class	1	In a first-class lever, the middle is the fulcrum.	In a simple lever, the middle is the turning point.
first-degree	1	A first-degree burn hurts the top skin.	A small burn hurts the top skin.
first-hand	1	When you see something yourself, that is first-hand.	When you see something yourself, that is seeing it with your own eyes.
fitzgerald	1	Ella Fitzgerald was a jazz singer.	
five-minute	1	It is a five-minute walk.	It is a short walk.
fixer	1	My mom said to take the old shoe to the shoe fixer.	My mom said to take the old shoe to the shoe repair person.
fjeld	1	The tallest mountain is called Gunnbjorn Fjeld.	
flamboyance	1	A group of flamingos is called a flamboyance.	A group of flamingos is called a big group.
flamingo's	1	Please paint a flamingo's leg.	Please paint a pink bird's leg.
flattest	1	The Maldives is the flattest country.	The Maldives is the most flat country.
flautist	1	A person who plays the flute is a flautist.	A person who plays the flute is a flute player.
fleming	1	Alexander Fleming found the first antibiotic.	
fliers	1	They are very fast fliers and can dodge and turn quickly.	They are very fast flyers and can dodge and turn quickly.
flipbook	1	A flipbook is old animation.	A flipbook is an old way to make pictures move.
floaties	1	She put on her pink floaties and went in the water.	She put on her pink arm floats and went in the water.
floodplains	1	Farmers like to grow food on floodplains.	Farmers like to grow food on flat land near rivers.
flos	1	Okay, let's learn 'flos' which means flower.	
flossing	1	Brushing and flossing keep teeth clean.	Brushing and cleaning between teeth keep teeth clean.
flowerpot	1	I put a flowerpot in that space.	I put a pot for a plant in that space.
flown	1	I have never flown, but I am excited.	I have never been on a plane, but I am excited.
fluffed	1	He made his bed and fluffed the pillow.	He made his bed and made the pillow soft.
fluoride	1	Fluoride is the white stuff on your teeth.	The white stuff on your teeth is called fluoride.
flushes	1	I press it and the toilet flushes.	I press it and the toilet makes the water go down.
flyer	1	It is not a strong flyer, but it runs fast.	
fm	1	Some radios use AM or FM.	
fogs	1	Steam fogs up the mirror.	Steam makes the mirror cloudy.
folkestone	1	It connects Folkestone in England to Calais in France.	
folklore's	1	Folklore's magic is silly.	Old stories' magic is silly.
folks	1	We visit the old folks' home.	We visit the old people's home.
folkvang	1	She lives in a place called Folkvang.	
fon	1	People speak French, Fon, and Yoruba.	
fooling	1	They might not see when someone is fooling them.	They might not see when someone is tricking them.
footstools	1	I have two footstools in my room.	I have two small foot rests in my room.
forearm	1	Your arm has parts like the forearm.	Your arm has parts like the lower arm.
forehand	1	You can throw a disc with a forehand.	You can throw a disc with a front hand throw.
forged	1	You can see forged things at home.	You can see metal things made by hitting at home.
forgives	1	She forgives her stepsisters.	
forgiving	1	A mom shows mercy by forgiving a spill.	
format	1	The way information is arranged is its format.	The way information is set up is its format.
formosa	1	It is also called Formosa, which means beautiful.	
fortifications	1	Some fortifications are called forts or castles.	Some strong buildings are called forts or castles.
fortnight	1	A week and a fortnight are made of days.	A week and two weeks are made of days.
fortune	1	Wheel of Fortune is a game where people guess letters.	
forty-one	1	It comes after thirty-nine and before forty-one.	
forwarding	1	Thanks for forwarding the e-mail!	Thanks for sending the e-mail to someone else!
forwards	1	Each team has six players on the ice at once: three forwards, two back players, and a goalie.	Each team has six players on the ice at once: three front players, two back players, and a goalie.
fosse	1	Bob Fosse made up new jazz dances.	
founder	1	The founder of Pakistan was born in this city.	The person who started Pakistan was born in this city.
fours	1	The second system uses twos and fours.	
fourth-degree	1	A fourth-degree burn is the worst.	A very bad burn is the worst.
fox's	1	The fox's fur is white like snow.	
fractures	1	Two bone fractures are more than one.	Two bone breaks are more than one.
fragile	1	Weak, thin, and fragile are not strong.	Weak, thin, and easy to break are not strong.
francesinha	1	Last, you eat a tasty sandwich called a francesinha.	
franciscans	1	He started a group called the Franciscans, where people promised to be poor and kind.	
frankfurt	1	Dresden has an airport where planes fly to other cities like Frankfurt and London.	
franks	1	Charlemagne was a king of the Franks.	
franz	1	A long time ago, a man named Franz Ferdinand was killed, and that started a big war.	
fraternal	1	Fraternal twins are like regular brothers and sisters who are born together.	Twins that are like regular brothers and sisters are born together.
fred	1	The most famous ballroom dancers were Fred Astaire and Ginger Rogers, but they danced in movies.	
frederik	1	Denmark is a kingdom with a king named Frederik X.	
freight	1	There are passenger trains for people and freight trains for boxes.	There are trains for people and trains for boxes.
freud's	1	Can you see Sigmund Freud's ideas?	
fu	1	She learned to use a sword and practiced kung fu.	
fuark	1	The first six rune letters are F, U, A, R, K, and that is why the rune alphabet is called Fuark.	
funny-looking	1	Lily found a funny-looking vegetable at the store.	
gaberones	1	Long ago, the city was called Gaberones.	
gabs	1	People sometimes call it "Gabs" or "G-City" for short.	
gaga	1	Some pop stars you might know are Ariana Grande, Katy Perry, and Lady Gaga.	
gaggle	1	A group of geese is called a gaggle.	
galdhpiggen	1	The highest mountain in Norway is called Galdhpiggen.	
galen	1	Avicenna, Plato, and Galen are all old thinkers.	
galerie	1	King Henry IV added a very long room called the Grande Galerie.	
gambians	1	People who live there are called Gambians.	
ganesh	1	Every year, there is a big party called the Ganesh Festival.	
gaozu	1	Wu Zetian, Li Shimin, and Gaozu are rulers of the Tang dynasty.	
garam	1	In India, people use garam masala spices.	
gardenias	1	Gardenias like a lot of water in the air.	White flowers like a lot of water in the air.
garfield	1	Cricket is the national sport, and famous players like Sir Garfield Sobers come from there.	
geghard	1	Then, you ride a bus to see a church called Geghard.	
genesis	1	These books are called Genesis, Exodus, Leviticus, Numbers, and Deuteronomy.	
genji	1	One famous story is about a prince named Genji.	
geoffrey	1	Later, a man named Geoffrey Chaucer wrote funny stories called The Canterbury Tales.	
geographer	1	A person who studies geography is called a geographer.	A person who studies the earth is called a geographer.
georges	1	Two artists named Pablo Picasso and Georges Braque started Cubism.	
gerbils	1	Some people keep hamsters, guinea pigs, and gerbils as pets.	Some people keep small furry animals as pets.
germanium	1	Silicon and germanium are used inside computers.	Special stuff is used inside computers.
gershwin's	1	In America, jazz music mixed with classical music, like in George Gershwin's songs.	
get-going	1	Get-going is fast.	
geul	1	Each block makes one sound, like 'han' or 'geul'.	
ghalib	1	Some famous Urdu poets are Mirza Ghalib and Muhammad Iqbal.	
gibson	1	Some famous companies that make them are Fender and Gibson.	
gillard	1	Julia Gillard became the first woman to lead Australia.	
gitega	1	The capital city is Gitega.	
glaswegians	1	People who live there are called Glaswegians.	
globules	1	Bok globules are dark clouds in space.	
gold-colored	1	Brass is a shiny, gold-colored metal.	Brass is a shiny, yellow metal.
goldie	1	Its name is Goldie.	
golfer	1	A golfer uses a club.	A person who plays golf uses a club.
goodall	1	Mary Wollstonecraft and Jane Goodall are women.	
goodbyes	1	I do not like goodbyes that mean I will not see someone again.	I do not like saying bye when I will not see someone again.
gospels	1	Four books are called Gospels.	Four books are called the Gospels.
goulash	1	They eat a thick soup called goulash.	
governor's	1	The governor's pardon made the room quiet.	The leader's pardon made the room quiet.
governors	1	The British Empire sent ships, soldiers, and governors to rule far places.	The British Empire sent ships, soldiers, and leaders to rule far places.
gracie	1	A man named Helio Gracie made it up.	
granaries	1	Granaries are very old.	Places to keep grain are very old.
granddad	1	In the garden, my granddad waters the flowers.	In the garden, my grandpa waters the flowers.
granddad's	1	I love my granddad's jokes.	I love my grandpa's jokes.
gras	1	Haiti has many holidays, and the biggest one is called Mardi Gras.	
gravche	1	Last, you eat tasty food called tavche gravche.	
great-grandfather	1	My great-grandfather had smallpox when he was a child.	My grandpa's dad had smallpox when he was a child.
great-grandma	1	My great-grandma had smallpox when she was little.	My grandma's mom had smallpox when she was little.
greek's	1	That is the Greek's boat.	That is the boat of the person from Greece.
green-yellow	1	It makes a green-yellow juice called bile.	
greenlandic	1	The people there speak Greenlandic and Danish.	
grendel	1	A long time ago, a man named Beowulf went to help a king whose people were being hurt by a scary monster named Grendel.	
grendel's	1	Then Grendel's mother came, and Beowulf fought her.	
grimm	1	Two brothers named Jacob and Wilhelm Grimm wrote it.	
gripper	1	Yes, if it has a hand or a gripper.	Yes, if it has a hand or a grabber.
grossglockner	1	The tallest mountain is Grossglockner.	
ground-up	1	Sausage is a food made from ground-up meat.	Sausage is a food made from meat that is cut up very small.
grouped	1	They looked like tiny stars grouped together.	They looked like tiny stars put together.
guayaquil	1	The biggest city is Guayaquil on the coast.	
guernsey	1	People also use it in some other places like the Isle of Man and Guernsey.	
guido	1	A monk named Guido helped make the system we use now.	
guinea-bissau	1	It is next to six other countries: Guinea-Bissau, Senegal, Mali, Ivory Coast, Liberia, and Sierra Leone.	
guitarist	1	A person who plays a guitar is called a guitarist.	A person who plays a guitar is called a guitar player.
gujarat	1	Vadodara is a big city in Gujarat, India.	
gujarati	1	They speak Gujarati, Urdu, Marathi, and Hindi.	
gulliver's	1	A long time ago, a writer named Swift wrote a book called 'Gulliver's Travels' that made fun of people.	
gumbo	1	New Orleans is famous for yummy food like gumbo and jambalaya.	
gummies	1	Mom goes to the store to buy vitamin gummies.	
gummy	1	A cracker is hard, but a gummy candy is soft.	
gumnut	1	The fruit is called a gumnut.	
gunk	1	Next, fats float to the top and solids sink, and that gunk is called sludge.	Next, fats float to the top and solids sink, and that yucky stuff is called sludge.
gunnbjorn	1	The tallest mountain is called Gunnbjorn Fjeld.	
gunner	1	A tank usually has three to five people inside: a driver, a leader, and a gunner.	A tank usually has three to five people inside: a driver, a leader, and a shooter.
gutter	1	If you miss, the ball can fall into a gutter on the side.	If you miss, the ball can fall into a low path on the side.
gyeongbokgung	1	Seoul also has old castles like Gyeongbokgung and a big door called Sungnyemun.	
gym's	1	The gym's doors are open wide.	
gypsies	1	There are also many Roma people, sometimes called gypsies.	
haast's	1	The biggest eagle that ever lived was called Haast's eagle.	
habitable	1	The place where a planet is not too hot and not too cold is called the habitable zone.	The place where a planet is not too hot and not too cold is called the just-right zone.
haddie	1	Some smoked fish is called Finnan haddie.	
hafeet	1	There is a tall mountain called Jabal Hafeet.	
hag	1	The capital city is Hagåtña, and the biggest city is Dededo.	
hagta	1	The island has a city called Hagta and a busy beach called Tumon Bay.	
haha	1	Haha, let's keep sharing!	
haikus	1	There are many kinds of poems, like nursery rhymes and haikus.	There are many kinds of poems, like nursery rhymes and short poems.
haircutting	1	Dentistry and haircutting are both things you visit a special place for.	
haitian	1	Many people in Haiti speak French and a language called Haitian Creole.	
hakainde	1	The current leader is Hakainde Hichilema.	
halite	1	The salt you eat is a mineral called halite.	
halley	1	A man named Edmond Halley figured out that it comes back again and again.	
halti	1	In Finland, the highest is Halti.	
halu	1	You eat a tasty dumpling called bryndzové halušky.	
ham-and-cheese	1	I made a ham-and-cheese sandwich.	I made a ham and cheese sandwich.
hamburg's	1	Many ships come to Hamburg's harbor because it is one of the biggest harbors in the world.	
hamburgs	1	I see two hamburgs on the big plate.	I see two hamburgers on the big plate.
hamilton	1	The capital city is Hamilton.	
hammocks	1	They grew food like beans and corn and slept in hammocks.	They grew food like beans and corn and slept in hanging beds.
hammurabi	1	Cyrus the Great and Hammurabi were old leaders who wrote good rules.	
hanamichi	1	Kabuki theaters have a round stage that can turn around, and a walkway called a "hanamichi" that goes through the audience.	Kabuki theaters have a round stage that can turn around, and a walkway called a "hanamichi" that goes through the people watching.
hanbok	1	If you wear a hanbok on a holiday, you are wearing traditional clothes.	
hand-painted	1	It is special because it was hand-painted.	It is special because it was painted by hand.
handballs	1	We have two handballs in the gym.	
handgun	1	Yes, some firearms are small like a handgun.	
handled	1	Everyone is safe when the explosive is handled with care.	Everyone is safe when the bomb is handled with care.
handprints	1	Some also show handprints.	
handrail	1	Then I hold the handrail and put one foot down on the first step.	Then I hold the rail and put one foot down on the first step.
hands-on	1	You might take a written test, a test on a computer, or a hands-on test like driving a car.	You might take a written test, a test on a computer, or a doing test like driving a car.
hangars	1	There are also hangars where planes sleep when they are not flying.	There are also big buildings where planes sleep when they are not flying.
hangugeo	1	In South Korea, people call it "hangukmal" or "hangugeo." In North Korea, they call it "choseonmal" or "choseoneo.Koreans also call their language 'urimal,' which means 'our language.'" Korean has its own special alphabet called Hangul.	
hangukmal	1	In South Korea, people call it "hangukmal" or "hangugeo." In North Korea, they call it "choseonmal" or "choseoneo.Koreans also call their language 'urimal,' which means 'our language.'" Korean has its own special alphabet called Hangul.	
hanks	1	Tom Hanks is a famous actor.	
hannibal	1	A famous man named Hannibal took elephants across big snowy mountains to fight.	
hanukkah	1	Jewish people celebrate special holidays like Passover and Hanukkah.	
hanzi	1	In Chinese, they are called "hanzi," which means "Han character." In Japanese, they are called "kanji." Each character stands for a whole word, not just a sound.	
harappa	1	Mohenjo-daro, Harappa, and Dholavira are old cities.	
harare	1	The capital city is Harare.	
hard-shelled	1	It eats small hard-shelled animals like crabs and clams.	
hard-to-remember	1	Many famous stories have a hard-to-remember title.	
hard-working	1	Many people remember her as a brave and hard-working person.	
harden	1	Last, it waits for the new shell to harden.	Last, it waits for the new shell to get hard.
hardwood	1	There are many kinds of wood, like softwood and hardwood.	There are many kinds of wood, like soft wood and hard wood.
haribo	1	Many companies make candy, like Hershey and Haribo.	
harker	1	In the story, a man named Jonathan Harker goes to a faraway place called Transylvania to meet a rich man named Dracula.	
harmattan	1	In the dry season, a hot wind called the harmattan blows.	
harold	1	In old movies, Charlie Chaplin, Buster Keaton, and Harold Lloyd are all funny men.	
harpies	1	Yes, some monsters like the Harpies have wings in Greek mythology.	Yes, some monsters like the Harpies have wings in Greek stories.
harpsichord	1	Some keyboard instruments are very old, like the harpsichord.	
harvesting	1	Harvesting a potato is easy because you just dig it up.	Getting a potato is easy because you just dig it up.
harvey	1	Later, a doctor named William Harvey found out that blood moves around the body.	
hasbro	1	Action figures were first made in 1964 by a company called Hasbro.	
hassan	1	The president is Samia Suluhu Hassan.	
hatching	1	You can also use hatching, which is drawing many little lines close together.	You can also draw many little lines close together.
hatchlings	1	Baby Triceratops were called hatchlings and grew up to be big and strong.	Baby Triceratops were called babies and grew up to be big and strong.
hates	1	She hates the taste of her antibiotic.	She does not like the taste of her medicine.
hatshepsut	1	Most pharaohs were men, but a few women, like Hatshepsut, also became pharaohs.	
hatter	1	She talked to a crazy hatter at a tea party.	She talked to a silly hat maker at a tea party.
hawa	1	Then, you look at the Hawa Mahal with many small windows.	
hawk-eagle	1	The national bird is the Javan hawk-eagle.	
haystacks	1	It is stored in piles called haystacks or tied into blocks called bales.	It is kept in big piles or tied into blocks.
head-first	1	Diving is jumping into water head-first or feet-first.	Diving is jumping into water with your head first or your feet first.
headaches	1	Some people put lavender in medicine to help with headaches or bug bites.	Some people put lavender in medicine to help with head pain or bug bites.
headfirst	1	Last you stretch your arms out and go into the water headfirst.	Last you stretch your arms out and go into the water with your head first.
heading	1	A title and a heading are both words at the top of a page.	
heartburn	1	That is called heartburn.	That is called a burning feeling in your chest.
heaton	1	In the city, there is a big park called Heaton Park where people can see animals and enjoy nature.	
hedge	1	A hedge is like a wall of bushes.	A hedge is like a wall made of bushes.
hehe	1	Hehe, I love flying!	
heian	1	In one old time called the Heian period, many women wrote beautiful stories.	
heinz	1	A long time ago, a man named Heinz made ketchup famous.	
heiress	1	A girl who gets a lot of money is called an heiress.	A girl who gets a lot of money is called a rich girl.
hel-lo	1	Hello sounds like a short song with two parts: hel-lo.	
helio	1	A man named Helio Gracie made it up.	
helipad	1	A helipad is a place for helicopters to land.	
hemispheres	1	The brain has two parts called hemispheres.	The brain has two parts called halves.
hemoglobin	1	They are red because they have something inside called hemoglobin.	They are red because they have something inside that carries air.
henri	1	Another artist named Henri Matisse painted people dancing with bright colors.	
herculaneum	1	A long, long time ago, in the year 79, it erupted very strongly and covered two towns, Pompeii and Herculaneum, with ash.	
herschel	1	You cannot see it without a big telescope, but a long time ago a man named William Herschel found it while looking at the stars.	
hershey	1	Many companies make candy, like Hershey and Haribo.	
hertz	1	We measure how fast something happens in hertz.	We measure how fast something happens in a unit called hertz.
hestia	1	Her brothers and sisters are Zeus, Hestia, Demeter, Hades, and Poseidon.	
hi-five	1	A hi-five is when you slap hands with someone.	
hi-yah	1	You shout "Hi-yah!" to show your power.	
hibernating	1	Some bears sleep all winter, which is called hibernating.	Some bears sleep all winter, which is called a long sleep.
hichilema	1	The current leader is Hakainde Hichilema.	
hideyoshi	1	A man named Toyotomi Hideyoshi built a big castle there.	
hierro	1	There are seven big islands: La Palma, La Gomera, El Hierro, Tenerife, Gran Canaria, Lanzarote, and Fuerteventura.	
highland	1	The Highland cow has long, shaggy hair.	
hillbrow	1	The city has a very tall building called the Carlton Centre and a very tall tower called the Hillbrow Tower.	
hilt	1	A sword has a blade and a handle called a hilt.	A sword has a blade and a handle.
himalaya	1	Bhutan is a small country high up in the Himalaya mountains.	
himalayan	1	The tall Himalayan mountains are in the north.	
himiko	1	Then a queen named Himiko brought many parts together.	
hin	1	Some famous places are Ko Samui, Pattaya, and Hua Hin.	
hindenburg	1	The most famous airship was called the "Hindenburg." It was very big and could carry many people.	
hip-hop	1	Hip-hop is music with rapping.	Hip-hop is music with fast talking.
hiram	1	Hiram Bingham found the city in 1911.	
historians	1	People who study the past are called historians.	People who study the past are called history people.
historic	1	Old trams are called historic streetcars.	Old trams are called old streetcars.
hobbes	1	John Locke and Thomas Hobbes are both people who thought about rules.	
hobbits	1	Tolkien used runes in his books about hobbits and elves.	Tolkien used runes in his books about small people and elves.
hoes	1	Dad has two hoes in the shed.	Dad has two garden tools in the shed.
hogan	1	Some famous wrestlers are Hulk Hogan, The Rock, and John Cena.	
hogwarts	1	For example, the world of Harry Potter is a fictional universe with wizards and a school called Hogwarts.	
hole's	1	The black hole's pull is strong.	
holts	1	They live in nests called holts.	They live in nests called homes.
home's	1	My home's door is red.	
hometown's	1	My hometown's streets are long and straight.	
honeycombs	1	Bees use hexagons to build their honeycombs.	Bees use six-sided shapes to build their honey homes.
hongi	1	They greet you with a nose press called hongi.	They greet you with a nose press.
honiara	1	The capital city is Honiara.	
hoo-ray	1	It sounds loud and happy, like "Hoo-ray!" You might hear it at a birthday party when someone blows out the candles.	
hook-like	1	It has long arms with hook-like claws to hang upside down.	It has long arms with claws like hooks to hang upside down.
hooke	1	A man named Robert Hooke found out that a spring pushes back just as hard as you squeeze it.	
hooting	1	It makes a deep hooting sound that you can hear far away.	It makes a deep sound like an owl that you can hear far away.
hoover	1	It is called the Hoover Dam.	
hopper	1	Alan Turing and Grace Hopper are people who worked with early computers.	
horace	1	A Roman poet named Horace was very good at writing odes.	
hormone's	1	The hormone's job is to tell the body to grow.	The body helper's job is to tell the body to grow.
hormuz	1	The water connects to the Gulf of Oman through a narrow part called the Strait of Hormuz.	
horn-like	1	Both boy and girl giraffes have small horn-like bumps on their heads.	Both boy and girl giraffes have small bumps like horns on their heads.
horny	1	A horned lizard is sometimes called a horny toad, but it is not a toad.	
horsehair	1	The bow has horsehair that rubs the strings to make sound.	The bow has hair from a horse that rubs the strings to make sound.
hospital's	1	The hospital's doors are big and glass.	
hot-air	1	A hot-air balloon is a thing that flies.	
hotdogs	1	You can spread it on bread, hotdogs, or salad.	You can spread it on bread, hot dogs, or salad.
hotel's	1	This is the hotel's front door.	
hour's	1	The hour's end is near.	
hour-long	1	The hour-long trip was fun.	The trip that was one hour long was fun.
houseplant	1	A philodendron is a houseplant with big green leaves.	A philodendron is a plant for inside the house with big green leaves.
hovercrafts	1	I saw two hovercrafts on the water.	I saw two boats that float on air on the water.
howitzer	1	One is a cannon and one is a howitzer.	One is a cannon and one is a big gun.
hron	1	The big rivers are the Danube, Vah, and Hron.	
html	1	Web pages are written in a special code called HTML.	Web pages are written in a special code.
huacaya	1	There are two kinds of alpacas: huacaya, which has fluffy, curly wool, and suri, which has long, silky wool.	There are two kinds of alpacas: one with fluffy, curly wool, and one with long, silky wool.
huang's	1	This is Qin Shi Huang's tomb.	
huangpu	1	First, take a boat ride on the Huangpu River.	
hub	1	The middle part of the wheel is called the hub.	The middle part of the wheel is called the center.
huddles	1	A team huddles close so you can smell the grass on their clothes.	A team gets close together so you can smell the grass on their clothes.
hulk	1	Some famous wrestlers are Hulk Hogan, The Rock, and John Cena.	
hummingbird's	1	A hummingbird's wings move very fast.	
humpty	1	You can hear it in nursery rhymes like "Humpty Dumpty" or "Twinkle, Twinkle, Little Star." When words like "cat" and "hat" sound alike at the end, that is a rhyme.	
hungers	1	Big hungers and big storms can both hurt food.	
hurghada	1	Some towns by the Red Sea are Sharm el-Sheikh, Eilat, and Hurghada.	
hurling	1	Dublin has a big sports place for games like hurling.	Dublin has a big sports place for games like a fast ball game.
hus	1	For example, 'a house' is 'ett hus', and 'the house' is 'huset'.	
huset	1	For example, 'a house' is 'ett hus', and 'the house' is 'huset'.	
hush	1	Two lullabies are "Rock-a-bye Baby" and "Hush Little Baby."" Some music writers also made lullabies for instruments like the piano.	
hydra	1	The other moons are named Nix, Hydra, Kerberos, and Styx.	
hyperion	1	The tallest tree in the world is a redwood named Hyperion.	
iai	1	The biggest lake is Drūkšiai.	
iblis	1	In the Quran, Satan is called Iblis and was made from fire.	
idaho	1	The park is in Wyoming, Montana, and Idaho.	
ifmmp	1	Then "HELLO" becomes "IFMMP".	
igor	1	Igor Stravinsky used old music with strange sounds.	
iliad	1	Some famous stories are the Iliad and the Odyssey.	
indy	1	Indy Cars look like Formula One cars but race on oval tracks that only turn left.	
inge	1	It was discovered by a woman named Inge Lehmann.	
inlet	1	There are also big bays like Cook Inlet.	
intramuros	1	Long ago, Spanish people built a walled city called Intramuros, with old stone churches and forts.	
inuktitut	1	The word Inuit means "the people" in their language, Inuktitut.	
ipanema	1	The city has many beaches, like Copacabana and Ipanema.	
iqbal	1	Some famous Urdu poets are Mirza Ghalib and Muhammad Iqbal.	
irene	1	Another famous pair was Vernon and Irene Castle.	
irrawaddy	1	Myanmar has a long river called the Irrawaddy.	
ishtar	1	She was also called Ishtar.	
isla	1	Isla del Sol has old ruins.	
island's	1	The island's beach is white.	The beach on the island is white.
israel's	1	The book has pictures of Israel's hills.	The book has pictures of hills in Israel.
israelites	1	Long ago, people called Israelites spoke Hebrew.	
itches	1	They get a red rash that itches a lot.	They get a red rash that is very itchy.
ivy	1	Leo has a pet green iguana named Ivy.	
ix	1	IX means 9 because you take 1 from 10.	
izumo	1	A woman named Izumo no Okuni started kabuki in 1603.	
jabal	1	There is a tall mountain called Jabal Hafeet.	
jacket's	1	My jacket's zipper is shiny.	The zipper on my jacket is shiny.
jacqueline	1	Some famous cellists are Yo-Yo Ma and Jacqueline du Pré.	
jahan	1	A king named Shah Jahan built it for his wife.	
jails	1	Long ago, these places were like jails.	Long ago, these places were like prisons.
jakarta's	1	Jakarta's streets are full of cars.	The streets in Jakarta are full of cars.
jake's	1	Jake's big brother says he needs calculus for his job.	
jamaican	1	Rapping started from a Jamaican tradition called 'toasting'.	
jambalaya	1	New Orleans is famous for yummy food like gumbo and jambalaya.	
janszoon	1	The first person from far away was a Dutch explorer named Willem Janszoon.	
january's	1	January's sky is often gray.	The sky in January is often gray.
javan	1	The national bird is the Javan hawk-eagle.	
jay-z	1	Some famous hip hop musicians are Jay-Z and Eminem.	
jayawardenepura	1	The capital is Sri Jayawardenepura Kotte.	
je	1	First, learn simple words like 'hallo' and 'dank je'.	
jean-jacques	1	Jean-Jacques Rousseau said children are born good.	
jeisk	1	Some cities near the sea are Berdjansk and Jeisk.	
jellies	1	Jams, jellies, and marmalade are kinds of fruit preserves.	Jams, jellies, and marmalade are kinds of fruit spreads.
jengish	1	The highest mountain is called Jengish Chokusu.	
jeogori	1	First, put on the jeogori top.	
jeremy	1	My friend Jeremy has a belief about the sun.	
jerry	1	A famous cartoon cat and mouse named Tom and Jerry won one.	
jew	1	Sunni Islam is to Muslim as Judaism is to Jew.	
jhelum	1	Many rivers flow into the Indus, like the Jhelum.	
jigardhanda	1	A cool drink called Jigardhanda is famous there.	
joan	1	Some famous dream artists were Salvador Dali and Joan Miro.	
joe	1	Joe looks like a soldier.	
joe's	1	I want a van like Uncle Joe's.	
joeys	1	The babies are called joeys.	The babies are called little ones.
johnny	1	Many famous singers like Johnny Cash have sung country music.	
join's	1	The join's color is brown.	The color of the join is brown.
jonah	1	Jonah went to Nineveh because God told him to.	
jong-un	1	The leader is a man named Kim Jong-un.	
jordanian	1	The money used is called the Jordanian dinar.	
jorge	1	Jorge Luis Borges was a famous writer.	
jos	1	The capital city is San José.	
josephine	1	A long time ago, a lady named Josephine made the first one that worked well.	
jovi	1	Bon Jovi made power ballads.	
jozi	1	It is also called Jozi, which means 'place of gold'.	
jude	1	Yes, you can hear a piano in songs like Hey Jude.	
judea	1	Jesus lived a long time ago in a place called Judea.	
judeo-christian-islamic	1	In the Judeo-Christian-Islamic story, God made the universe in six days.	
julia	1	Julia Gillard became the first woman to lead Australia.	
jun	1	A boy named Jun lives in North Korea.	
juneau	1	The capital is Juneau.	
jung	1	Sigmund Freud and Carl Jung both studied the mind.	
junkyard	1	A junkyard has old, broken cars.	
jurors	1	Jurors must be fair and listen to everything.	People on the jury must be fair and listen to everything.
justin	1	Many singers sing pop music, like Taylor Swift or Justin Bieber.	
ka'aba	1	People walk around a big black cube-shaped building called the Ka'aba.	
kabsa	1	The national food is called Kabsa, which is rice with meat.	
kael	1	A long time ago, a boy named Kael learned to control fire.	
kalanpu	1	The name Colombo comes from words that mean "harbor with leafy mango trees.A long time ago, a traveler called it 'Kalanpu'."	
kalimantan	1	The biggest islands are Java, Bali, Kalimantan, and Sumatra.	
kalimera	1	Kalimera means good morning.	
kampala	1	The biggest city is Kampala, and that is also the capital.	
kansa	1	He beat a mean king named Kansa.	
karakum	1	The big desert is called the Karakum Desert.	
kariba	1	There is a big dam called Kariba Dam that makes electricity.	
kartikeya	1	He has two sons, Ganesha and Kartikeya.	
kate	1	Their children are David Smith and Kate Smith.	
katy	1	Some pop stars you might know are Ariana Grande, Katy Perry, and Lady Gaga.	
katze	1	I want to write 'Katze'.	
kaunda	1	The first leader was Kenneth Kaunda.	
kay	1	It sounds like two short notes: oh and kay.	
keaton	1	In old movies, Charlie Chaplin, Buster Keaton, and Harold Lloyd are all funny men.	
keats	1	For example, a poet named John Keats wrote a poem.' Long ago, people in Greece and Rome wrote odes too.	
kebnekaise	1	In Sweden, the highest is Kebnekaise.	
keepsake	1	A keepsake is a thing you keep to remember.	
kellogg	1	Kellogg and Mr.	
kemal	1	Then a man named Mustafa Kemal Atatürk changed the letters to the ones we use in English.	
kenneth	1	The first leader was Kenneth Kaunda.	
kephalonia	1	There are many islands in this sea, like Corfu and Kephalonia.	
kepler	1	One of them is called Kepler-69c, and it is a little bigger than our Earth.	
kerberos	1	The other moons are named Nix, Hydra, Kerberos, and Styx.	
kernel	1	A maize kernel is a small seed.	
kes	1	The highest mountain is called Kékes.	
khali	1	But in the middle of the desert, called the Rub' al Khali, almost no animals live because it is too dry.	
khemennu	1	His main home was a town called Khemennu.	
khrya-ya-ya-ya	1	They make a rough sound like "khrya-ya-ya-ya."" People have a hard time keeping them away from chickens because they are strong and can dig under fences.	
khufu	1	The pyramid was made for a king named Khufu.	
khwarizmi's	1	Al Khwarizmi's ideas are still used today.	
khyber	1	Famous passes include the Khyber Pass and the Great St Bernard Pass.	
kickball	1	Kickball is a fun game with a big ball.	
kickboxers	1	Some famous kickboxers are Benny Urquidez and Andrew Tate.	
kickflip	1	Skateboarders learn tricks like the ollie, where they jump with the board, and the kickflip, where they spin the board with their foot.	Skateboarders learn tricks like jumping with the board and spinning it with their foot.
kim's	1	Kim's mom got a new drum for the band.	
kimonos	1	For example, some people in Japan wear special clothes called kimonos and have tea ceremonies.	For example, some people in Japan wear special clothes and have tea parties.
kindergartens	1	It happens in places like preschools and kindergartens.	It happens in places like preschools and schools for little kids.
kingbirds	1	Some tyrant flycatchers are called kingbirds, and they can be very brave and fight to protect their home.	Some flycatcher birds are very brave and fight to protect their home.
kingsnakes	1	Big rattlesnakes have to watch out for kingsnakes, which can eat them.	Big rattlesnakes have to watch out for snakes that can eat them.
kip	1	A Maasai boy named Kip lived on the savanna.	
kira	1	A pharaoh named Kira lived in a big palace by the river.	
kirtan	1	Yes, Sikhism has songs called kirtan that people sing together.	Yes, Sikhism has songs that people sing together.
kirundi	1	People there speak Kirundi, Swahili, French, and English.	
kiswahili	1	People there speak Kiswahili and English.	
kit-ten	1	When you say "kit-ten," that is two beats, so it has two syllables.	
kitchen's	1	The kitchen's window is open.	The window in the kitchen is open.
kitty	1	I said, 'Stop doing that, kitty!' She looked at me and started doing a little dance with her paws.	I said, 'Stop doing that, little cat!' She looked at me and started doing a little dance with her paws.
knock-knock	1	When you hear a knock-knock joke, that is humour.	When you hear a funny joke, that is humour.
knossos	1	They built a big palace called Knossos.	
ko	1	Some famous places are Ko Samui, Pattaya, and Hua Hin.	
koans	1	They also think about special riddles called koans to help their minds grow.	They also think about special riddles to help their minds grow.
kong's	1	Hong Kong's harbor is full of ships.	
kongo	1	The river gets its name from an old kingdom called Kongo.	
kora	1	Famous musicians from Mali play the kora and guitar.	Famous musicians from Mali play a string instrument and guitar.
korea's	1	South Korea's flag is pretty.	
koreans	1	In South Korea, people call it "hangukmal" or "hangugeo." In North Korea, they call it "choseonmal" or "choseoneo.Koreans also call their language 'urimal,' which means 'our language.'" Korean has its own special alphabet called Hangul.	
koreas	1	Today, the two Koreas are still separate.	
koror	1	The capital city used to be Koror, but now it is Melekeok.	
kosciuszko	1	The highest mountain in the range is called Mount Kosciuszko, and it is very tall.	
kot	1	In the Russian language, the word for cat is , and it sounds like kot.	
kotte	1	The capital is Sri Jayawardenepura Kotte.	
krakatau	1	It is called Anak Krakatau, which means baby Krakatoa.	
krakow	1	We went to Warsaw and Krakow.	
krasnoyarsk	1	Most people in Siberia live in big cities like Novosibirsk, Omsk, and Krasnoyarsk.	
kriol	1	Many people in Belize speak English, and some also speak Spanish or Kriol.	
kronos	1	Hera has a mom named Rhea and a dad named Kronos.	
kruger	1	First, you go to a big park called Kruger.	
krung	1	People call it 'Krung Thep' for short, which means 'city of angels.'" The full name is very long and hard to say.	
kublai	1	Then the Yuan dynasty was ruled by Mongol leaders like Genghis Khan and Kublai Khan.	
kukeldash	1	Tashkent has old buildings like a school called Kukeldash Madrasah and a pretty theater called Navoi Theater.	
kung-fu	1	People also call them kung-fu or wushu.	People also call them fighting moves.
kush	1	It has many big mountains called the Hindu Kush.	
kwazulu-natal	1	Many of them live in a place called KwaZulu-Natal.	
ky	1	You eat a tasty dumpling called bryndzové halušky.	You eat a tasty dumpling.
kyivan	1	Ukraine means 'borderland'.Long ago, a powerful state called Kyivan Rus was in this land.	
kyoga	1	Uganda has many big lakes, like Lake Victoria and Lake Kyoga.	
kyrgyz	1	People there speak Kyrgyz and Russian.	
l-i-l-y	1	She typed L-I-L-Y and watched the letters appear.	
laban	1	Laban tricked Jacob into marrying Leah first.	
labour	1	A group called the International Labour Organization helps make jobs better for everyone.	A group helps make jobs better for everyone.
labradors	1	Popular gun dogs are spaniels, golden retrievers, and labradors.	Popular gun dogs are spaniels, golden retrievers, and a kind of dog.
lactic	1	When it does not use air, it makes less energy and a sour thing called lactic acid.	When it does not use air, it makes less energy and a sour thing.
lag	1	That is called jet lag.	That is called feeling tired after a long trip.
lakers	1	The Los Angeles Lakers have won 17.	
laksa	1	People eat spicy noodles called laksa and drink a sweet tea called teh tarik.	People eat spicy noodles and drink a sweet tea.
lakshman	1	Rama had to leave his home and go to the forest with Sita and his brother Lakshman.	
lama	1	The leader of the Buddhists in Tibet is called the Dalai Lama.	
lamppost	1	She drew pictures of the stone table and the lamppost.	She drew pictures of the stone table and the tall light.
lan	1	A small network close together is called a LAN.	A small network close together is called a group of computers.
landlord	1	The owner of an apartment is called a landlord.	The owner of an apartment is called the person who rents it out.
langue	1	Near the end, a thin strip of sand called the Langue de Barbarie separates the river from the big ocean.	
lantana	1	Lantana is a plant that looks like verbena.	There is a plant that looks like another plant.
lanternfish	1	The lanternfish has shiny spots on its body.	A fish has shiny spots on its body.
lanzarote	1	There are seven big islands: La Palma, La Gomera, El Hierro, Tenerife, Gran Canaria, Lanzarote, and Fuerteventura.	
lapland	1	The far north is called Lapland, where some people still take care of reindeer.	
lapps	1	People called the Sami (or Lapps) live in the Arctic too.	
larches	1	The trees are pines, spruces, and larches.	The trees are pines, spruces, and a kind of tree.
lari	1	The money used in Georgia is called the lari.	
laser's	1	The laser's light is very bright.	The light from the special tool is very bright.
lassell	1	Triton was found by a man named William Lassell in 1846, just a few days after Neptune was discovered.	
latvians	1	People from Latvia are called Latvians, and they speak the Latvian language.	
launceston	1	Tasmania has four cities: Hobart, Launceston, Devonport, and Burnie.	
laundromat	1	You can wash clothes at a laundromat.	You can wash clothes at a place with washing machines.
laurasia	1	Long ago, the British Isles were part of a big land called Laurasia.	
laureates	1	People who win a Nobel Prize are called laureates.	People who win a big prize are called winners.
lavash	1	Last, you eat flat bread called lavash.	Last, you eat flat bread.
lavoisier's	1	This is Antoine Lavoisier's book.	
lawnmowers	1	Some machines like lawnmowers use gas.	Some machines like grass cutters use gas.
laylat	1	There is also a night called Laylat al-Qadr, when the holy book of Muslims, the Qur'an, was first shown to people.	
lb	1	The word 'lb' is short for a word that means weight.	
le	1	The most famous endurance race is the 24 Hours of Le Mans in France.	
leader's	1	The leader's job goes from parent to child.	
leah	1	Laban tricked Jacob into marrying Leah first.	
learners	1	Wow, young learners are so eager!	Wow, young kids are so eager!
leatherjackets	1	Baby crane flies are called leatherjackets.	Baby crane flies are called little bugs.
leatherwood	1	One special tree is the Leatherwood tree.	One special tree is a tree with a funny name.
leeds	1	Other big cities are Birmingham, Liverpool, Manchester, and Leeds.	
leeuwenhoek	1	A man named Antonie van Leeuwenhoek used a special tool called a microscope to see tiny living things.	
leg's	1	My leg's skin is soft.	The skin on my leg is soft.
leggings	1	Some clothes are stretchy, like socks and leggings.	Some clothes are stretchy, like socks and tight pants.
legos	1	Building blocks, Legos, and clay are for building.	Building blocks, toy bricks, and clay are for building.
legume	1	It is not a nut, but a legume, like beans.	It is not a nut, but a seed pod, like beans.
lehmann	1	It was discovered by a woman named Inge Lehmann.	
lemon-lime	1	Some common kinds are cola, lemon-lime, and orange.	
lender	1	If you do not pay back, the lender can take the house.	If you do not pay back, the person who gave you money can take the house.
leningrad	1	Later it was called Leningrad.	
leto	1	She is the daughter of Zeus and Leto, and the twin sister of Apollo.	
lev	1	Their money is called lev.	
leveret	1	A baby hare is called a leveret.	A baby hare is called a little hare.
levi's	1	Levi's family keeps kosher at home.	
leviticus	1	These books are called Genesis, Exodus, Leviticus, Numbers, and Deuteronomy.	
lewis	1	The story was written by Lewis Carroll a long time ago.	
liar	1	A person who tells lies is a liar.	A person who tells lies is a person who does not tell the truth.
libertarianism	1	Liberalism wants more government help, libertarianism wants less.	Liberalism wants more government help, and the other side wants less.
librarians	1	People who work in libraries are librarians.	People who work in libraries are library helpers.
libyans	1	The people are called Libyans.	
licenses	1	In India, many people have licenses for amateur radio.	In India, many people have special papers for amateur radio.
lichtenstein	1	Artists like Andy Warhol and Roy Lichtenstein made pop art.	
lieutenants	1	Some officers are captains or lieutenants.	Some officers are captains or helpers.
lifelike	1	Realism is in a lifelike painting, but a cartoon has no realism.	Realism is in a painting that looks real, but a cartoon does not look real.
lifter	1	First, the lifter grabs the heavy bar.	First, the person who lifts grabs the heavy bar.
light-brown	1	It has light-brown skin and is white inside.	
light-year	1	A light-year is how far light goes in one year.	
lightermen	1	People who move barges are lightermen.	People who move big boats are boat movers.
lighters	1	People put butane in lighters to make fire.	People put butane in fire starters to make fire.
ligo	1	In 2015, scientists found them for the first time using a special machine called LIGO.	
likelihood	1	Probability, chance, and likelihood mean how sure we are.	Probability, chance, and how sure we are mean the same thing.
lila's	1	Lila's family celebrates Shia traditions at home.	
lilongwe	1	The capital city is Lilongwe.	
limb	1	A brain is an organ, but a hand is a limb.	A brain is a body part inside, but a hand is a body part that sticks out.
limp	1	Some people walk with a limp.	Some people walk with a funny step.
lin	1	Lin bows to it and whispers a thank-you.	
lin's	1	Lin's family lights red candles for the kitchen god every year.	
lina's	1	Lina's mom is a domestic worker.	
linh	1	My friend Linh comes from Vietnam.	
linoleum	1	Some prints are made with wood blocks or linoleum.	Some prints are made with wood blocks or a special floor material.
lipstick	1	Lipstick, powder, and lotion are makeup.	Lip color, powder, and lotion are makeup.
lipsticks	1	Two are lipsticks and three are small bottles.	Two are lip colors and three are small bottles.
lisa's	1	Lisa's mom helps her invite the children.	
literary	1	Literary arts are words, like stories and poems.	Word arts are words, like stories and poems.
literate	1	If you can read and write, you are literate.	If you can read and write, you can do those things.
lithium	1	Hydrogen, helium, and lithium are on the science chart.	
livebearers	1	That is why guppies are called livebearers.	That is why guppies are called fish that have live babies.
locke's	1	John Locke's chair is big.	
locking	1	My parents keep our home safe by locking the door.	My parents keep our home safe by closing the door with a key.
logan	1	The city has a big airport called Logan Airport.	
lom	1	The capital city is Lomé.	
londinium	1	A long time ago, the Romans built a city there and called it Londinium.	
london's	1	London's clock is very tall.	
loneliness	1	Sadness and loneliness are feelings.	Sadness and feeling alone are feelings.
longlegs	1	Some people call crane flies daddy longlegs.	
loosely	1	Then, tie it loosely so it stays on.	Then, tie it not too tight so it stays on.
lopsided	1	It is not odd or lopsided.	It is not odd or not straight.
lords	1	Today, most countries do not give nobles special treatment, but in the United Kingdom, some nobles still have a seat in the House of Lords.	Today, most countries do not give special people special treatment, but in the United Kingdom, some special people still have a seat in the House of Lords.
loser	1	The judge may make the loser pay money.	The judge may make the person who did not win pay money.
lou	1	It is a short name with two parts: Lou and is.	
loudest	1	In 1883, it made the loudest sound ever.	In 1883, it made the most loud sound ever.
louisiana	1	New Orleans is a big city in the state of Louisiana, in the United States.	
louisville	1	It flows past many cities like Cincinnati and Louisville.	
lowlands	1	The country has high mountains and dry lowlands.	The country has high mountains and dry low lands.
lsch	1	People in Cologne speak a special way called Kölsch.	
luangwa	1	First, you go to a big park called South Luangwa.	
lub-dub	1	You can hear a heart go lub-dub.	
lucifer	1	In the Christian Bible, Satan was once an angel named Lucifer who thought he was as strong as God and was sent away from heaven.	
lucy's	1	Lucy's uncle went to a special place.	
ludo	1	Some games use a board, like Ludo.	
lugdunum	1	A long time ago, Lyon was called Lugdunum.	
lugus	1	They believed in many gods and goddesses, like Lugus and Cernunnos.	
lukashenko	1	Belarus has a president named Alexander Lukashenko.	
lulu's	1	She brushes Lulu's fur every morning.	
lumberjack	1	A person who cuts down trees is called a lumberjack.	A person who cuts down trees is called a tree cutter.
lunches	1	Some lunches have noodles or rice.	
luthier	1	A person who makes violas is called a luthier.	A person who makes violas is called a viola maker.
lydia	1	The first coins were made in a place called Lydia a very long time ago.	
lymph	1	Lymph is a liquid in the body.	
ma	1	Some famous cellists are Yo-Yo Ma and Jacqueline du Pré.	
maas	1	The city sits on a river called the Maas.	
mace	1	In his hands he holds a shell, a round disc, a mace, and a flower called a lotus.	In his hands he holds a shell, a round disc, a big stick, and a flower called a lotus.
macos	1	Examples are Windows, macOS, Android, and Linux.	
madeira	1	The country has islands in the ocean called the Azores and Madeira.	
madison	1	Abraham Lincoln was tall, but James Madison was short.	
madrasah	1	Tashkent has old buildings like a school called Kukeldash Madrasah and a pretty theater called Navoi Theater.	
madrile	1	People who live there are called madrileños.	
magandang	1	First, you say 'Magandang umaga' in Tagalog.	
magellan's	1	Magellan's sailors were the first to sail all the way around the world.	
maggot	1	A maggot is a baby fly.	
magyar	1	The Hungarian name for the language is "Magyar." Hungarian is different from many other languages in Europe.	
mahabaleshwar	1	Then, they go to the hills of Mahabaleshwar.	
mahabharata	1	Krishna was a real person who fought in a big war called the Mahabharata.	
mahadeva	1	People pray to Shiva and call him by many names, like Mahadeva, which means "great god." He is often shown with a snake around his neck and a trident in his hand.	
maharaj	1	A long time ago, a famous king named Shivaji Maharaj lived there.	
maia	1	He is the son of a big god named Zeus and a mother named Maia.	
mainz	1	Johannes Gutenberg worked in a city called Mainz in Germany.	
majuro	1	The capital city is called Majuro.	
makkah	1	If you go to Makkah, you can see the Kaaba.	
mal	1	The capital city is called Malé.	
malaysia's	1	Malaysia's big city is Kuala Lumpur.	
malu	1	The boys' tattoo is called Pe'a, and the girls' tattoo is called malu.	
managed	1	Can diabetes be managed with food?	Can diabetes be taken care of with food?
manages	1	A person manages diabetes with healthy food, exercise, and medicine.	A person takes care of diabetes with healthy food, exercise, and medicine.
manama	1	The biggest city is Manama.	
manaus	1	Big ships can travel on the river all the way to the city of Manaus in Brazil.	
mandalas	1	Mahayana mandalas have many bright colors and sharp lines.	
mandolins	1	I see two mandolins in the music room.	
manes	1	Two lions have two manes.	Two lions have two hairy necks.
mangaka	1	A person who draws manga is called a mangaka.	A person who draws Japanese comics is called a comic artist.
manger	1	Baby Jesus slept on straw in a manger.	Baby Jesus slept on straw in a food box for animals.
manipur	1	This place has seven states that are called the "seven sister states.Their names are Arunachal Pradesh, Assam, Manipur, Meghalaya, Mizoram, Nagaland, and Tripura.	
manitoba	1	There are two lakes in Manitoba.	
mans	1	The most famous endurance race is the 24 Hours of Le Mans in France.	
mansaf	1	The national food is mansaf.	The national food is a rice and meat dish.
manyatta	1	The women build houses called Manyatta.	
manzoni	1	Dante Alighieri wrote a long poem called The Divine Comedy." Another important writer is Alessandro Manzoni, who wrote a story called "The Betrothed." Many Italian writers have won a big prize called the Nobel Prize for their stories and poems.	
mao	1	In modern times, China became the People's Republic of China, led by Mao.	
maputo	1	The capital city is Maputo.	
marabou	1	The marabou stork is a big bird with wide wings.	The big stork is a big bird with wide wings.
maracas	1	Drums, maracas, and cymbals make sounds but not tunes.	Drums, shakers, and cymbals make sounds but not tunes.
march's	1	The march's sound is very loud.	The walk's sound is very loud.
mardi	1	Haiti has many holidays, and the biggest one is called Mardi Gras.	
mare	1	A girl horse is called a mare.	A girl horse is called a mommy horse.
margarines	1	Some margarines have fat that is not good for your heart.	Some soft spreads have fat that is not good for your heart.
marhaba	1	I say 'marhaba'.	
marigolds	1	Some flowers, like marigolds, are orange.	Some flowers, like orange flowers, are orange.
marimbas	1	Marimbas are xylophones with a softer sound.	Big wooden music makers are like xylophones with a softer sound.
marin	1	It goes over the water from San Francisco to another place called Marin County.	
mariner	1	The first one was Mariner 10, and the second one was MESSENGER.	
marineris	1	Mars has a big canyon called Valles Marineris.	
marinus	1	A man named Saint Marinus built a small church on a mountain, and that became San Marino.	
marionette	1	A marionette is a puppet with strings.	A string puppet is a puppet with strings.
marius	1	A man named Simon Marius found it a long time ago.	
marmora	1	The highest mountain is Punta La Marmora.	
marmoset	1	The pygmy marmoset is a very tiny monkey.	The tiny monkey is a very tiny monkey.
marmots	1	Many animals live in the Alps, like ibex, goats, and marmots.	Many animals live in the Alps, like ibex, goats, and big ground squirrels.
maroon	1	Red guavas are called maroon guava.	Red guavas are called red guava.
marrying	1	Laban tricked Jacob into marrying Leah first.	Laban tricked Jacob into taking Leah as his wife first.
marshallese	1	People there speak Marshallese and English.	People there speak their island language and English.
marthinus	1	The city was started a long time ago by a man named Marthinus Pretorius.	
martial's	1	A martial's flag is very big.	A fighter's flag is very big.
marvel	1	Later, superheroes from Marvel and DC Comics became action figures.	
marx's	1	Karl Marx's beard is long and white.	
masala	1	In India, people use garam masala spices.	In India, people use warm spice mix.
mashes	1	Your stomach mashes food into a soupy mix.	Your stomach squishes food into a soupy mix.
mashing	1	They make peanut butter by mashing seeds into paste.	They make peanut butter by squishing seeds into paste.
masons	1	Masons stack bricks with mortar.	Brick layers stack bricks with sticky stuff.
mass's	1	That mass's shape is round.	That thing's shape is round.
massif	1	It is called Tamu Massif.	
master's	1	A helper took care of his master's clothes.	A helper took care of his boss's clothes.
matchbox	1	The matchbox is small.	The tiny box for matches is small.
matchhead	1	A matchhead is dark red.	A match tip is dark red.
mathematician	1	Alan Turing was a famous mathematician.	Alan Turing was a famous number expert.
mathew	1	A man named Mathew Brady took war pictures.	
matisse	1	Another artist named Henri Matisse painted people dancing with bright colors.	
matter's	1	This matter's color is red.	This stuff's color is red.
mattered	1	She did not understand why it mattered so much.	She did not understand why it was so important.
mature	1	A mature river often has bridges over it.	An old river often has bridges over it.
matzo	1	Jewish people eat matzo during Passover.	Jewish people eat flat bread during a special holiday.
mavericks	1	Dallas has sports teams like the Dallas Cowboys for football, the Dallas Mavericks for basketball, and the Texas Rangers for baseball.	
maybe-yes	1	A maybe-yes is not a real yes.	A maybe is not a real yes.
mckinley	1	Some people call it Mount McKinley too.	
meadowlark	1	Birds like the meadowlark sing there.	Birds like the singing bird sing there.
mealtime	1	You use a plate at mealtime to hold your food.	You use a plate at eating time to hold your food.
mecca's	1	Mecca's big mosque has a flat roof.	
medell	1	Other big cities are Medellín, Cali, and Cartagena.	
medusa's	1	The shield has Medusa's head on it.	
meenakshi	1	Many people visit Madurai to see a big, beautiful temple called Meenakshi Amman Temple.	
megabyte	1	A megabyte is a big number of bytes.	A big byte is a big number of bytes.
meghalaya	1	This place has seven states that are called the "seven sister states.Their names are Arunachal Pradesh, Assam, Manipur, Meghalaya, Mizoram, Nagaland, and Tripura.	
meghna	1	Bangladesh has big rivers like the Padma and Meghna.	
melekeok	1	The capital city used to be Koror, but now it is Melekeok.	
mellon	1	Mellon gave money and art to help start the museum.	
memphis	1	Many cities sit next to it, like Memphis.	
menat	1	She wore a heavy necklace called a menat.	She wore a heavy necklace called a big necklace.
mendeleev's	1	This is Dmitri Mendeleev's picture.	
mercury's	1	They took pictures of Mercury's surface.	They took pictures of the planet's ground.
merhaba	1	If you want to learn Turkish, first learn some easy words like 'merhaba' for hello.	
merlion	1	A merlion is a statue in Singapore, but a real lion lives in Africa.	
merlions	1	Lions, merlions, and dragons are all symbols you can see in Singapore.	Lions, lion statues, and dragons are all symbols you can see in Singapore.
mermaid's	1	It lays eggs in a case called a mermaid's purse.	It lays eggs in a case called a mermaid's bag.
methodism	1	Protestantism is to Martin Luther as Methodism is to John Wesley.	
methodius	1	Long ago, two men named Cyril and Methodius made an early version of this alphabet.	
metrocard	1	If you want to ride the New York City subway, first buy a MetroCard.	
metroplex	1	It is part of a group of cities called the Metroplex.	
mexico's	1	Mexico's beaches are pretty.	The country's beaches are pretty.
mid-autumn	1	People in China have a holiday called the Mid-Autumn Festival.	
midgard	1	The world where people live is called Midgard.	
miftah	1	It is “miftah”.	
mila's	1	Mila's grandma told her stories about old people.	
millennium	1	You can see a big park by the lake called Millennium Park.	
milwaukee	1	A long time ago, people called the lake "great water."Many people live near the lake in Chicago and Milwaukee.	
minuses	1	Plus and minus pull together, but two pluses or two minuses push apart.	
mir	1	Other space stations were Skylab and Mir.	
miranda	1	The five biggest moons are Miranda, Ariel, Umbriel, Titania, and Oberon.	
miriam	1	He had one sister named Miriam.	
miro	1	Some famous dream artists were Salvador Dali and Joan Miro.	
mirza	1	Some famous Urdu poets are Mirza Ghalib and Muhammad Iqbal.	
misha	1	Misha visited the big red building with his dad.	
miskito	1	Some people speak other languages like Miskito or English Creole.	
mitzvot	1	Jewish people follow many rules called mitzvot.	Jewish people follow many rules called good deeds.
miyajima	1	Near Hiroshima is a small island called Miyajima.	
mizoram	1	This place has seven states that are called the "seven sister states.Their names are Arunachal Pradesh, Assam, Manipur, Meghalaya, Mizoram, Nagaland, and Tripura.	
mm-hmm	1	Mm-hmm, so sweet!	
mmmm	1	I hear my sister say "mmmm" when she eats a delicious cookie.	
mmr	1	There is a shot called MMR that stops you from getting mumps.	There is a shot called a special shot that stops you from getting mumps.
mohawk	1	These tribes were the Mohawk, Oneida, Onondaga, Cayuga, and Seneca.	
mohenjo-daro	1	Mohenjo-daro, Harappa, and Dholavira are old cities.	
molly	1	Molly learned to tie her shoes all by herself.	
monolog	1	A dialog is when people talk together, but a monolog is when only one person talks.	A talk with two people is a dialog. A talk with one person is a monolog.
mons	1	It has the biggest mountain in the whole solar system, called Olympus Mons.	
monterey	1	You can see kelp in some aquariums, like the big one in Monterey.	
moonwalk	1	He moved his feet in a bumpy, quick way called the moonwalk.	
moorea	1	Other islands have pretty names like Bora Bora and Moorea.	
moray	1	A fish called a moray eel even has two sets of jaws.	
moroni	1	The capital city is Moroni.	
mqi	1	The biggest city is called Ürümqi, and it is very far from any ocean.	
mrt	1	People call it the MRT.	
mtkvari	1	Many rivers flow through Georgia, and the biggest one is the Mtkvari.	
mtr	1	The MTR trains in Hong Kong make a soft whoosh sound.	
mtv	1	Some TV channels like MTV play music videos all day.	
muay	1	It is also called Muay Thai.	
mubarak	1	She hugged her mom and said, "Eid Mubarak!"	
murga	1	In Uruguay, people sing and play drums in groups called murga.	
murres	1	Some birds are puffins, murres, and razorbills.	
murrumbidgee	1	Many rivers join the Murray, like the Darling and the Murrumbidgee.	
mustafa	1	Then a man named Mustafa Kemal Atatürk changed the letters to the ones we use in English.	
naismith	1	The game was invented by James Naismith in 1891.	
namib	1	The country is very dry and has a big desert called the Namib Desert.	
nanna	1	Some kids call them nanna, papa, or other sweet names.	
naples	1	It is in Italy, near a city called Naples.	
narnia	1	Lily loved to read about the magical land of Narnia.	
narodnaya	1	The tallest part is called Mount Narodnaya.	
narwhals	1	Many animals live there, like beluga whales, walruses, narwhals, seals, and polar bears.	Many animals live there, like white whales, walruses, narwhals, seals, and polar bears.
nascar	1	NASCAR races use cars that look like regular cars but are made for racing.	
nasdaq	1	Others are on computers, like the NASDAQ.	
nashville	1	The city of Nashville, Tennessee is a big place for country music.	
nastaliq	1	When they write Urdu, they use different pretty letters called Nastaliq.	
nata	1	She ate a sweet cake called pastel de nata.	
nativity	1	Jesus and the baby are people in the nativity set.	Jesus and the baby are people in the Christmas set.
navoi	1	Tashkent has old buildings like a school called Kukeldash Madrasah and a pretty theater called Navoi Theater.	
naypyidaw	1	The capital city is Naypyidaw.	
ncipe	1	If you visit São Tomé and Príncipe, you will see beautiful beaches.	
neatness	1	Disorder is to mess as order is to neatness.	Disorder is to mess as order is to being tidy.
nebraska	1	It flows east and then south through many states like North Dakota, South Dakota, Iowa, Nebraska, Missouri, and Kansas.	
neckerchief	1	A Scout wears a special shirt and a neckerchief.	A Scout wears a special shirt and a neck scarf.
nectarine	1	A peach without fuzz is called a nectarine.	A peach without fuzz is called a smooth peach.
nee	1	Some words are easy: "ja" means yes, and "nee" means no.	
neem	1	An ashoka tree, a mango tree, and a neem tree are all trees.	
neeps	1	In some places, people call big turnips neeps or swedes.	
nephews	1	I have two nephews.	I have two boys who are my sister's sons.
nessie	1	Last, you look for the monster Nessie.	
nessus	1	Two famous centaurs are Chiron and Nessus.	
nesting	1	Migration, hibernation, and nesting are things animals do with the seasons.	Moving to a new place, sleeping through winter, and making a nest are things animals do with the seasons.
neumes	1	Long ago, people wrote music with dots and lines called neumes.	Long ago, people wrote music with dots and lines called old music notes.
neutral	1	That is called being neutral.	That is called not picking a side.
neva	1	First, you walk along the Neva River.	
newest	1	The popular kids have the newest style.	The popular kids have the very new style.
newfoundlanders	1	Many people live there, and they are called Newfoundlanders.	
newsstand	1	Dad went to the newsstand to buy a new magazine.	Dad went to the magazine stand to buy a new magazine.
newt's	1	First, the newt's body starts to heal the spot.	
newtons	1	The strength of a force is measured in newtons.	The strength of a force is measured in units called newtons.
ngo	1	A nonprofit can also be called an NGO when it works on big world problems.	
ngorongoro	1	The Serengeti also has a big hole in the ground called Ngorongoro Crater, where many animals live.	
nhi	1	Long ago, two sisters named Trung Trac and Trung Nhi led a fight to chase away the Chinese ruler.	
nhl	1	The best players play in the NHL, which has 32 teams.	
niamey	1	The capital city is Niamey.	
nice-touch	1	A nice-touch game is fun.	
nicol	1	Badminton player Lee Chong Wei and squash player Nicol David are famous athletes from Malaysia.	
nicosia	1	The capital city is Nicosia.	
nightgown	1	Pajamas, a nightgown, and slippers are things I wear to bed.	Pajamas, a night dress, and slippers are things I wear to bed.
nighthawks	1	Some people call them nighthawks.	Some people call them night birds.
nightmare	1	A bad dream is called a nightmare.	A bad dream is called a scary dream.
nightmares	1	Scary dreams are called nightmares.	Scary dreams are called bad dreams.
nikolaevich	1	For example, a boy named Ivan whose father is Nikolai might be called Ivan Nikolaevich.	
nikolai	1	For example, a boy named Ivan whose father is Nikolai might be called Ivan Nikolaevich.	
nimali	1	A little girl named Nimali speaks Sinhala at home.	
nine-ball	1	There are many kinds of pool games, like eight-ball and nine-ball.	
nino	1	The Spanish language has the sound 'ny' in 'nino', but the French language does not.	
nipples	1	My chest has two small nipples.	My chest has two small bumps.
nissart	1	Some people there speak a different language called Nissart.	
nits	1	Nits are stuck to hair and are hard to take off.	
nix	1	The other moons are named Nix, Hydra, Kerberos, and Styx.	
nnn	1	My friend says 'nnn' for N.	
noah's	1	We learn stories from the Bible like Noah's ark.	
nodding	1	Yes, nodding your head often means you agree.	Yes, moving your head up and down often means you agree.
non-breakable	1	If a toy is non-breakable, it will not break.	
non-formal	1	Non-formal education is for people not in school.	
non-living	1	Living things can grow, but non-living things cannot.	
non-sleeping	1	It is also called the Non-sleeping city because it is always busy.	It is also called the city that never sleeps because it is always busy.
non-sticky	1	If something is non-sticky, it does not stick.	
non-stop	1	You see it on signs like non-stop or non-toxic.	
non-toxic	1	You see it on signs like non-stop or non-toxic.	
nonfiction	1	Fiction and nonfiction are both types of writing.	
nonsense	1	You change the words into a jumble of letters that look like nonsense.	You change the words into a jumble of letters that look like silly words.
normally	1	People use the Latin script to write languages that normally use other letters.	People use the Latin script to write languages that usually use other letters.
norman	1	Some famous architects are Frank Lloyd Wright and Norman Foster.	
nosey	1	A busy-body is a nosey person.	A busy-body is a person who pokes into other people's stuff.
nostradamus	1	A famous prophet named Nostradamus lived many years ago.	
not-fun	1	A park is a fun place, but a hospital is a not-fun place.	
not-happy	1	Awesome is a happy word, but yucky is a not-happy word.	
not-ready	1	A ready cake is soft, but a not-ready cake is wet.	
not-so-good	1	It can also be a not-so-good thing, like biting your nails.	
notwane	1	Gaborone sits next to a river called the Notwane.	
nouakchott	1	The biggest city and capital is Nouakchott.	
novak	1	A famous tennis player from Serbia is Novak Djokovic.	
nstika	1	The ones that believe in the Vedas are called stika, and the ones that do not are called nstika.	
nuns	1	Some people in this religion are called monks and nuns.	Some people in this religion are called helpers and prayer helpers.
nuuk	1	The capital city is called Nuuk.	
ny	1	The Spanish language has the sound 'ny' in 'nino', but the French language does not.	
nymphs	1	Baby dragonflies live in the water and are called nymphs.	Baby dragonflies live in the water and are called water babies.
o'hare	1	Many airplanes fly in and out of O'Hare Airport, one of the busiest in the world.	
o's	1	She filled the grid with X's and O's.	She filled the grid with X marks and O marks.
oberon	1	The five biggest moons are Miranda, Ariel, Umbriel, Titania, and Oberon.	
obrigada	1	She says 'obrigada' and I understand it means 'thank you'.	
occator	1	Ceres has a big hole called Occator that has shiny white salt inside.	
occitan	1	People in Catalonia speak Catalan, Spanish, and a little Occitan.	
oceanography	1	Oceanography is about the big oceans that cover most of Earth.	Ocean study is about the big oceans that cover most of Earth.
oddi	1	The name Edda might come from a place called Oddi, where the writers lived.	
off-beat	1	The guitar plays a sound called a "skank" on the off-beat.	The guitar plays a sound called a "skank" on the not-strong beat.
officinalis	1	The kind people eat is called "Asparagus officinalis." It is a vegetable that comes up in spring.	
oh-la	1	It sounds like "oh-la" and means the same as "hello." You can hear it in places where people speak Spanish, like Spain or Mexico.	
ojibwe	1	The Ojibwe people call it Gitchigume.	
okavango	1	There is also a special place called the Okavango Delta where water and animals are found.	
okeechobee	1	In the middle of Florida is a very big, shallow lake called Lake Okeechobee.	
okonomiyaki	1	People in Osaka eat special foods like okonomiyaki and takoyaki.	
okuni	1	A woman named Izumo no Okuni started kabuki in 1603.	
old-style	1	This is different from old-style farming, which uses more people and less machines.	This is different from old farming, which uses more people and less machines.
ole	1	People there put on shows at a place called the Grand Ole Opry.	
olmecs	1	Long ago, people called the Olmecs, Mayans, and Aztecs lived there.	
olympian	1	Later, they fought a big war against the Olympian gods and lost.	Later, they fought a big war against the sky gods and lost.
olympians	1	Later, new gods called Olympians fought them and won.	Later, new gods called sky gods fought them and won.
omsk	1	Most people in Siberia live in big cities like Novosibirsk, Omsk, and Krasnoyarsk.	
one-and-twenty	1	Numbers in German are said backwards, like "one-and-twenty" for 21.	
one-celled	1	Some animals, like tiny one-celled creatures, do not get old the same way.	Some animals, like tiny one-part creatures, do not get old the same way.
one-player	1	There is also a one-player version called Mahjong Solitaire.	There is also a one-player game called Mahjong Solitaire.
one-third	1	Many countries grow sugar beets, and about one-third of all the sugar in the world comes from them.	Many countries grow sugar beets, and about one part of all the sugar in the world comes from them.
one-year-old	1	A one-year-old baby may not talk, but it can say one or two words.	
oneida	1	These tribes were the Mohawk, Oneida, Onondaga, Cayuga, and Seneca.	
onondaga	1	These tribes were the Mohawk, Oneida, Onondaga, Cayuga, and Seneca.	
ontologies	1	Ontologies can be big like a tree.	Big word lists can be big like a tree.
ooh	1	People watch it and say 'ooh' and 'aah'.	People watch it and say 'wow' and 'ah'.
opera's	1	The opera's music is slow at the end.	The music show's music is slow at the end.
oprah	1	A famous one is the show with Oprah Winfrey, where she talked to many different people.	
opry	1	People there put on shows at a place called the Grand Ole Opry.	
orbiter	1	The orbiter carried astronauts and cargo like satellites or parts of a space station.	The space plane carried people and things like satellites or parts of a space station.
org	1	The address often starts with 'www' and ends with something like '.com' or '.org'.	
organized	1	A civilization is a big group of people who live together in an organized way.	A big group of people who live together in a set way is called a civilization.
orizaba	1	The highest mountain is Pico de Orizaba.	
oruro	1	There is a big festival in Oruro with music and dancing.	
orville	1	The first person to fly a plane with a motor was Orville Wright in 1903.	
os	1	People who live there are called madrileños.	
osaka-ben	1	They also speak a different way of talking called Osaka-Ben.	
oscar	1	It is also called the Oscar.	
oshun	1	She shows him a small statue of Oshun, the goddess of rivers.	
oui	1	For example, the French word for 'yes' is 'oui', which sounds like 'we'.	
ovals	1	Ovaries are shaped like little ovals.	Egg makers are shaped like little egg shapes.
owing	1	People use negative numbers to show things like owing money or temperatures below freezing.	People use minus numbers to show things like needing to pay money or cold below freezing.
oxfam	1	Some examples are Oxfam and World Vision.	
oxford	1	People call it the "Oxford of the East" because so many students go there to learn.	
ozama	1	The city sits where the Ozama River meets the sea.	
ozone	1	Higher up, in the sky, there is a special layer called the ozone layer that blocks harmful sun rays.	Higher up, in the sky, there is a special layer that blocks bad sun rays.
padma	1	Bangladesh has big rivers like the Padma and Meghna.	
padres	1	San Diego also has a baseball team called the San Diego Padres.	
page's	1	The page's corner is bent.	
pahoehoe	1	Other lava is thin and flows faster, like pahoehoe, which looks like twisted rope.	
paintbrushes	1	Paintbrushes can be made from animal hair or man-made materials.	Paint brushes can be made from animal hair or man-made stuff.
painting's	1	The painting's colors are bright.	
pakistani	1	Cumin is used a lot in Indian and Pakistani cooking.	
paleolithic	1	Neolithic revolution is to staying as paleolithic is to moving.	New Stone Age change is to staying as Old Stone Age is to moving.
pali	1	Theravada Buddhists follow the Pali Canon, the earliest Buddhist texts.	
palikir	1	The capital city is Palikir.	
palma	1	There are seven big islands: La Palma, La Gomera, El Hierro, Tenerife, Gran Canaria, Lanzarote, and Fuerteventura.	
palmeiras	1	Football is very popular, and there are big teams like Corinthians, Palmeiras, and São Paulo.	
panthalassa	1	A huge ocean called Panthalassa was all around it.	
pao	1	Some well-known dishes are Kung Pao chicken and Twice Cooked Pork.	
paperclips	1	When you turn on the electricity, the magnet can pick up metal things like paperclips or nails.	When you turn on the power, the magnet can pick up metal things like clips or nails.
parallelogram	1	A parallelogram has two pairs of parallel sides.	A shape with two pairs of same-way sides is called a parallelogram.
paralympians	1	The players, called Paralympians, may use special wheelchairs or running legs.	The players, called special sports people, may use special wheelchairs or running legs.
parameter	1	A variable, a constant, and a parameter are all things in a program that hold values.	A changing thing, a fixed thing, and a setting thing are all things in a program that hold values.
parano	1	There are big roads and a large lake called Lake Parano.	
parisian	1	Her teacher says she sounds like a real Parisian girl.	Her teacher says she sounds like a real Paris girl.
parliaments	1	Some parliaments have two parts: one that makes the laws and one that checks the laws.	Some rule groups have two parts: one that makes the rules and one that checks the rules.
partial	1	That is a partial lunar eclipse.	That is a part moon hiding.
parvati	1	Ganesha is the son of Shiva and Parvati.	
parvati's	1	Some stories say she came from the goddess Parvati's anger.	
pashto	1	People in Afghanistan speak Dari and Pashto.	
pastelito	1	Last, you eat a sweet treat called a pastelito.	
pastizzi	1	Last, you eat a sweet pastry called pastizzi.	
patents	1	Patents cover many things like toys, medicines, and machines.	Special rights cover many things like toys, medicines, and machines.
patriots	1	Patriots want to help their country and be kind to the people who live there.	Country lovers want to help their country and be kind to the people who live there.
patroclus	1	His friend Patroclus stood beside him.	
pattaya	1	Some famous places are Ko Samui, Pattaya, and Hua Hin.	
pawns	1	Each player starts with 16 pieces, like a king, a queen, and small ones called pawns.	Each player starts with 16 pieces, like a king, a queen, and small ones called little soldiers.
pe'a	1	The boys' tattoo is called Pe'a, and the girls' tattoo is called malu.	
peacemaker	1	A peacemaker helps people stop fighting.	
peacock's	1	Some tails are very colorful, like a peacock's tail.	Some tails are very colorful, like a big bird's tail.
peacocks	1	She likes peacocks, pomegranates, and cows.	She likes big colorful birds, red fruits, and cows.
peeing	1	In Belgium, you can see a funny statue of a boy peeing.	In Belgium, you can see a funny statue of a boy going pee.
peekaboo	1	We play peekaboo and she laughs.	We play hide-and-see and she laughs.
peking	1	Long ago, people called it Peking.	
pen's	1	The pen's cap is red.	
pencil's	1	The pencil's point is small.	
pendant	1	A pendant is jewelry that hangs from a chain.	A hanging jewel is jewelry that hangs from a chain.
penelope	1	Finally, he gets home and finds his wife Penelope waiting for him.	
penis	1	Boys have a penis, and girls have a vagina.	Boys have a boy part, and girls have a girl part.
penn	1	Later, a man named William Penn started a place for people to live.	
peppered	1	A famous example is the peppered moth.	A famous example is the moth with spots.
pepys	1	Long ago, a man named Samuel Pepys wrote a diary about the big fire in London.	
percentages	1	Percentages help compare things, like test scores.	Numbers like 50 out of 100 help compare things, like test scores.
percy	1	A man named Percy Spencer found out about this when a candy bar in his pocket melted while he was working with radio waves.	
performer	1	A person who does performing arts is called a performer.	A person who acts, sings, or dances is called a performer.
perro	1	In another language, people say "perro" for the same furry friend.	
perry	1	Some pop stars you might know are Ariana Grande, Katy Perry, and Lady Gaga.	
persians	1	Many different groups ruled Central Asia, like the Persians, Arabs, Mongols, and Russians.	
peso	1	The money used in Chile is called the peso.	
pesse	1	A very old boat was made from a tree trunk and is called the Pesse Canoe.	
pest	1	The city has two parts, Buda and Pest, with a big river called the Danube flowing between them.	
petl	1	Some mountains are volcanoes, like Popocatépetl.	
petrel	1	Bermuda has bats, a bird called the Bermuda Petrel, and a lizard called the Bermuda Rock Skink.	
petrograd	1	During a big war, it was called Petrograd.	
phantom	1	People can hike down to the bottom and stay at a place called Phantom Ranch.	
pharos	1	Long ago, a famous lighthouse was on an island called Pharos.	
pheidippides	1	A man named Pheidippides ran a long way to tell people good news.	
philippe	1	Later, a doctor named Philippe Pinel took away the chains and made them nicer.	
phobos	1	Mars has two tiny moons named Phobos and Deimos.	
phoenicia's	1	Phoenicia's ships were strong on the sea.	
phoenician	1	The Phoenician people lived there.	
phoenixes	1	I saw two phoenixes in the storybook.	I saw two fire birds in the storybook.
phonetic	1	The writing is mostly phonetic, which means you can write a word the way it sounds.	The writing is mostly by sound, which means you can write a word the way it sounds.
phonograph	1	The first machine for recording sound was the phonograph, invented by Thomas Edison in 1877.	The first machine for recording sound was the sound writer, made by Thomas Edison in 1877.
phosphate	1	Jordan mines a lot of phosphate.	Jordan digs up a lot of a mineral used in plant food.
photographer	1	A person who makes pictures with a camera is called a photographer.	A person who makes pictures with a camera is called a picture taker.
photographers	1	People who make pictures are called artists or photographers.	People who make pictures are called artists or picture takers.
photojournalist	1	A photojournalist goes to big events and takes photos.	A news picture taker goes to big events and takes photos.
physicists	1	People who study physics are called physicists.	People who study how things move and work are called physics experts.
phytoplankton	1	Some algae float in the water and are called phytoplankton.	Some tiny green things float in the water and are called plant drifters.
piaget	1	A man named Jean Piaget studied how children's brains grow and learn as they get older.	
pickups	1	The strings sit over pickups that send the sound to an amplifier.	The strings sit over sound catchers that send the sound to a speaker.
pico	1	The highest mountain is Pico de Orizaba.	
picture's	1	The picture's colors are so pretty.	The colors in the picture are so pretty.
pie-charts	1	You can also make pictures like graphs and pie-charts from the numbers.	You can also make pictures like graphs and circle charts from the numbers.
pierre-auguste	1	Other impressionist painters include Pierre-Auguste Renoir, Edgar Degas, and Mary Cassatt.	
piggie	1	I read a book about a funny character called Piggie.	
piggyback	1	He can give you a piggyback ride.	He can give you a ride on his back.
piglet	1	A baby pig is called a piglet.	A baby pig is called a little pig.
piled	1	A long time ago, sand piled up and got pressed together to make this rock.	A long time ago, sand stacked up and got pressed together to make this rock.
pilgrimages	1	Some pilgrimages are about a place that is important to a person.	Some trips to holy places are about a place that is important to a person.
piling	1	People make these islands by piling up sand, rocks, or dirt.	People make these islands by stacking up sand, rocks, or dirt.
pinel	1	Later, a doctor named Philippe Pinel took away the chains and made them nicer.	
pink-purple	1	It glows a little, with a soft pink-purple color.	It glows a little, with a soft pink and purple color.
pinkish-white	1	Inside, the fruit is clear and pinkish-white, and it tastes very sweet.	Inside, the fruit is clear and light pink, and it tastes very sweet.
pinky	1	Some people call the little finger a pinky.	
pints	1	They measured liquid in pints and gallons.	They measured liquid in small cups and big jugs.
pip's	1	At night, she covers Pip's cage with a soft cloth.	
piring	1	Indonesia has many different groups of people and many kinds of dances, like the Piring dance from West Sumatra.	
pita	1	We have pita bread and olives.	We have flat bread and olives.
pitch	1	Vietnamese uses a special way of saying words where the pitch of your voice changes the meaning.	Vietnamese uses a special way of saying words where the high or low of your voice changes the meaning.
pizarro	1	The city was started a long time ago by a man named Francisco Pizarro.	
pizza's	1	The pizza's smell is so good.	The smell of the pizza is so good.
plaintiff	1	The person who starts a court case is called the plaintiff.	The person who starts a court case is called the one who says they were hurt.
planet's	1	When it gets to Earth, our planet's big magnet stops most of it.	When it gets to Earth, our big space ball's big magnet stops most of it.
plant-like	1	Algae are plant-like living things that make their own food from sunlight.	Algae are living things that are like plants and make their own food from sunlight.
platinum	1	The waves also help make heavy things like gold and platinum.	The waves also help make heavy things like gold and a shiny white metal.
play-dough	1	You can make a number with play-dough; it feels soft and squishy.	You can make a number with soft clay; it feels soft and squishy.
playgroup	1	We share toys at playgroup, and we learn to be clean.	We share toys at play time, and we learn to be clean.
playhouses	1	I see two playhouses in the yard.	I see two small play homes in the yard.
pledge	1	Last, they say the Pledge of Allegiance.	Last, they say the promise of loyalty.
pleeease	1	A please can be long like pleeease when you want something very much.	
pliers	1	First, open the link with small pliers.	First, open the link with small grabbing tools.
plitvice	1	The Plitvice Lakes are famous lakes with pretty waterfalls.	
plov	1	They like to drink black tea and eat a rice dish called plov.	
plural	1	For example, if you hold two red blocks, you can say, "These blocks are red." It is the plural form of the word "this." We use it every day when we speak and play.	For example, if you hold two red blocks, you can say, "These blocks are red." It is the word for more than one. We use it every day when we speak and play.
pluses	1	Plus and minus pull together, but two pluses or two minuses push apart.	Plus and minus pull together, but two plus signs or two minus signs push apart.
plutocracy	1	When the richest people rule, it is called plutocracy.	When the richest people rule, it is called rule by the rich.
poker	1	Some card games are Go Fish, Solitaire, and Poker.	Some card games are Go Fish, One Player, and a game with chips.
polio	1	Vaccines have helped stop many bad sicknesses like measles and polio.	Vaccines have helped stop many bad sicknesses like red spots and a sickness that can make legs weak.
polydectes	1	When Perseus grew up, a king named Polydectes sent him to kill a monster called Medusa.	
polyglots	1	Some people can speak many languages, and they are called polyglots.	Some people can speak many languages, and they are called many-language speakers.
polynesia's	1	Polynesia's islands are small and green.	
polyp	1	Each polyp is like a small bag with a mouth on top and little arms around it.	Each tiny animal is like a small bag with a mouth on top and little arms around it.
pong	1	A basketball is heavy, but a ping pong ball is light.	A basketball is heavy, but a small light ball is light.
ponytails	1	I see three girls with braids and two girls with ponytails.	I see three girls with braids and two girls with hair tied back.
poof	1	I will make it go poof!	I will make it go puff!
pool's	1	The pool's water is cool.	The water in the pool is cool.
pop-pop-pop	1	It feels like a soft pop-pop-pop in your mouth.	It feels like a soft pop pop pop in your mouth.
popocat	1	Some mountains are volcanoes, like Popocatépetl.	
poppy	1	The state flower is the golden poppy.	The state flower is the golden cup flower.
popsicles	1	You can find icy things in the freezer, like ice cubes or popsicles.	You can find icy things in the freezer, like ice cubes or ice on a stick.
porto-novo	1	The capital city is Porto-Novo, but the biggest city is Cotonou.	
portuguese's	1	Portuguese's sounds are fun to copy.	
possums	1	The island has special animals like birds of paradise, wallabies, possums, and echidnas.	The island has special animals like birds of paradise, small kangaroos, tree animals, and spiky animals.
postmodernism	1	Modernism and postmodernism are ways of making art and buildings, but they are different.	New art and old art are ways of making art and buildings, but they are different.
pot's	1	The pot's bottom is black.	The bottom of the pot is black.
potala	1	In Lhasa, there are special buildings where people go to pray, like the Potala Palace.	
potato's	1	The potato's skin is brown.	The skin of the potato is brown.
pounamu	1	Some people call it Te Wai Pounamu.	
pounded	1	They cook tasty food like pounded yam and spicy soup.	They cook tasty food like mashed yam and spicy soup.
pounding	1	The pain feels like a pounding.	The pain feels like a hard beat.
pourer	1	Today, we see him in star signs: the water pourer and the goat-fish.	Today, we see him in star signs: the water carrier and the goat-fish.
powdered	1	Powdered sugar is soft like flour.	Soft sugar is soft like flour.
pradesh	1	This place has seven states that are called the "seven sister states.Their names are Arunachal Pradesh, Assam, Manipur, Meghalaya, Mizoram, Nagaland, and Tripura.	
prado	1	Madrid has many old buildings, like the Royal Palace and the Prado Museum.	
prague's	1	Some children might see pictures of Prague's pretty clock tower or stone bridge.	
praia	1	The capital city is Praia.	
predicate	1	It has a who or what (the subject) and what happens (the predicate).	It has a who or what (the subject) and what happens (the action part).
prelude	1	The biggest ship in the world is called the "Prelude".	
premier	1	The leader of Ontario is called the premier.	The leader of Ontario is called the top leader.
premises	1	The first two ideas are called premises.	The first two ideas are called starting ideas.
prepositional	1	A prepositional phrase tells about where, when, or how something happens.	A word group that tells about where, when, or how something happens is called a place-time-way phrase.
preschools	1	It happens in places like preschools and kindergartens.	It happens in places like schools for little kids and kindergartens.
president's	1	Mom and I watch the president's speech on TV.	Mom and I watch the top leader's talk on TV.
presidential	1	The leaders of Senegal work in Dakar, in a big building called the Presidential Palace.	The leaders of Senegal work in Dakar, in a big building called the Top Leader's House.
pretorius	1	The city was started a long time ago by a man named Marthinus Pretorius.	
pretzels	1	You find it in snacks like chips, crackers, and pretzels.	You find it in snacks like chips, crackers, and salty twisted snacks.
preview	1	A preview is when you see a little bit of a movie before it starts.	
pried	1	She asked her dad for help, and he pried it open.	She asked her dad for help, and he forced it open.
priest's	1	This is the priest's book.	This is the church leader's book.
priestley	1	A long time ago, a man named Joseph Priestley found that rubber could rub out pencil marks on paper.	
prix	1	Monaco is famous for the Monte Carlo Casino and a big car race called the Monaco Grand Prix.	Monaco is famous for the Monte Carlo Casino and a big car race called the Monaco Big Race.
problem's	1	The problem's name is hunger.	The problem is hunger.
problem-solver	1	A problem-solver is a person who fixes things.	
professors	1	Universities have teachers called professors, and they also have big rooms full of books called libraries.	Universities have teachers called top teachers, and they also have big rooms full of books called libraries.
profile	1	First, you make a profile with your name.	First, you make a page with your name.
projector	1	The movie is shown by a special machine called a projector.	The movie is shown by a special machine called a movie shower.
prongs	1	It had two shiny metal prongs.	It had two shiny metal pointy parts.
proper	1	Proper nouns are special names for one thing, like 'London' or 'John'.	Special names for one thing, like 'London' or 'John', are called proper nouns.
prophets	1	Another time, Elijah had a contest with many false prophets.	Another time, Elijah had a contest with many false messengers.
prosphora	1	Last, they share a special bread called prosphora.	
protea	1	South Africa has a flower called a protea with big, pink, spiky petals.	
protestanism	1	Protestanism is in both, but the words are different.	A kind of Christian belief is in both, but the words are different.
protocols	1	Computers in a network talk to each other using special rules called protocols.	Computers in a network talk to each other using special rules called talking rules.
proton's	1	The proton's job is to pull electrons.	The tiny part's job is to pull other tiny parts.
protractor	1	You can see degrees on a protractor, a flat half-circle tool used in school.	You can see degrees on a flat half-circle tool used in school.
prouder	1	Her mom said it was beautiful, and Lily felt even prouder.	Her mom said it was beautiful, and Lily felt even more proud.
proudly	1	The armour was heavy, but he wore it proudly.	The armour was heavy, but he wore it with pride.
providence	1	The capital city is Nassau, on an island called New Providence.	
proxima	1	The small star is called Proxima Centauri.	
prune	1	When a plum is dried, it becomes a prune.	When a plum is dried, it becomes a dried plum.
prunes	1	When plums are dried, they are called prunes.	When plums are dried, they are called dried plums.
prussia	1	Catherine the great was born in a country called Prussia, but she went to Russia.	
psalms	1	Many of his songs are in the book of Psalms.	
pssst	1	I open the coke and it goes pssst.	
ptolemy	1	A long time ago, a man named Ptolemy wrote about it.	
publication	1	A thing that is published is called a publication.	A thing that is published is called a printed thing.
publications	1	Publications can be books, magazines, or things you read on a computer.	Printed things can be books, magazines, or things you read on a computer.
publish	1	Now, people can also publish on the internet.	Now, people can also share their writing on the internet.
puckers	1	Then, your mouth puckers up.	Then, your mouth squeezes up.
pucks	1	After practice, she helped put away the cones and pucks.	After practice, she helped put away the cones and hockey disks.
pudu	1	The country has many animals like the puma, guanaco, and pudu deer.	
puffin	1	Pip the little puffin loved to puff out his chest.	Pip the little sea bird loved to puff out his chest.
pula	1	The money in Botswana is called the pula, which means rain.	
pulaar	1	Some people also speak other languages like Wolof and Pulaar.	
pulpit	1	There is also a tall stand called a pulpit where a priest talks.	There is also a tall stand called a talking stand where a priest talks.
pumpernickel	1	People use rye to make flour for bread, like a dark bread called pumpernickel.	
punctual	1	It is also very punctual, which means it arrives almost exactly on time.	It is also very on time, which means it arrives almost exactly on time.
punish	1	It means you do not punish them, even if you could.	It means you do not hurt them, even if you could.
punished	1	It is a rule that lets people talk without being stopped or punished.	It is a rule that lets people talk without being stopped or hurt.
punta	1	The highest mountain is Punta La Marmora.	
puppeteer	1	A person called a puppeteer works the puppet.	A person called a puppet mover works the puppet.
pusa	1	For example, 'pusa' means kitten, and 'pusath' means kitten also.	
pusath	1	For example, 'pusa' means kitten, and 'pusath' means kitten also.	
push-push	1	Blood pumps with a push-push beat from my heart.	
pushkaram	1	Every twelve years, there is a big fair called Pushkaram next to the river.	
pushy	1	They may be loud and pushy, and they move close together.	They may be loud and too forward, and they move close together.
putin	1	The current president is Vladimir Putin.	
pvs	1	In some places, people call them PVs, which is short for "Promotional Video."	
pygmy	1	The pygmy marmoset is a very tiny monkey.	The very small monkey is a very tiny monkey.
qi	1	Some Taoists believe in gods and heaven, while others just focus on the Tao and the energy called Qi that moves through everything.	
qing	1	The last dynasty was the Qing dynasty.	
qinhuai	1	She walked along the Qinhuai River and watched colorful boats.	
qsl	1	Operators try to talk to many people and send each other postcards called QSL cards.	
quacks	1	One duck quacks, and the others follow.	One duck makes a quack sound, and the others follow.
quadricep	1	I can name three big muscles: the bicep, the tricep, and the quadricep.	I can name three big muscles: the arm front muscle, the arm back muscle, and the leg front muscle.
quantums	1	Many quantums are inside your toy.	Many tiny bits are inside your toy.
quark	1	An electron and a quark are both tiny pieces of matter.	
quarrel	1	A war, a battle, and a quarrel are all fights.	A war, a battle, and a fight are all fights.
quarter's	1	She smiled and kept the quarter's shine in her memory.	She smiled and kept the coin's shine in her memory.
quetzalcoatlus	1	The biggest one, Quetzalcoatlus, had wings as wide as a big house.	
quickstep	1	Others are fast and bouncy, like the quickstep.	Others are fast and bouncy, like the fast dance.
quiet's	1	The quiet's gentle hum fills the room.	
quiet-time	1	The quiet-time corner is for reading.	
quipu	1	Last, another person read the quipu to know the number.	
quipus	1	So they used knotted strings called quipus to count things.	
quit	1	My grandpa quit smoking because it is bad.	My grandpa stopped smoking because it is bad.
quitting	1	I imagine my dad quitting smoking and being cool in a different way.	I imagine my dad stopping smoking and being cool in a different way.
quixote	1	A famous story tells about a man named Don Quixote who thought windmills were giants and tried to fight them.	
quizzes	1	Teachers sometimes use quizzes to help you learn new things.	Teachers sometimes use short tests to help you learn new things.
quoll	1	Rare animals live there, like the Tasmanian devil and the eastern quoll.	
quolls	1	There are also small meat-eating animals called quolls.	
qurans	1	Some qurans have a green cover.	Some holy books have a green cover.
r's	1	The three R's are Reduce, Reuse, and Recycle.	
ra-bin-dra-nath	1	You say it as Ra-bin-dra-nath Ta-gore.	
racehorses	1	People train special horses called racehorses to be fast runners.	People train special horses called fast horses to be fast runners.
racers	1	A martial waves a flag to signal the racers.	A martial waves a flag to signal the runners.
rachel	1	Jacob worked for his uncle so he could marry a woman named Rachel.	
radiohead	1	Some bands that play rock music are Nirvana, Radiohead, and Coldplay.	
raffles	1	Singapore was started as a trading place by a man named Stamford Raffles.	
raider's	1	If the raider touches someone, that person is out and the raider's team gets a point.	If the chaser touches someone, that person is out and the chaser's team gets a point.
raiser	1	A person who does this is called a raiser.	A person who does this is called a lifter.
ramblas	1	First, you walk down a big street called Las Ramblas.	
ramones	1	Bands like The Ramones played punk rock.	
raps	1	A person who raps is called a rapper.	
raptors	1	There are sports teams like the Toronto Raptors for basketball.	
rat-a-tat-tat	1	It made a loud rat-a-tat-tat sound.	
rat-tat-tat	1	A drum went rat-tat-tat in the American Revolution.	
rational	1	Numbers that can be written as a fraction, like 1/2, are called rational numbers.	Numbers that can be written as a fraction, like 1/2, are called fraction numbers.
razorbills	1	Some birds are puffins, murres, and razorbills.	Some birds are puffins, murres, and other black and white birds.
reactor	1	A machine called a nuclear reactor splits atoms apart, and that makes heat.	A big machine splits tiny parts of atoms and makes heat.
reader's	1	This is my reader's page.	This is my page for reading.
rebirth	1	The word 'Renaissance' means 'rebirth'.	
recent	1	History with photos is recent, but old times have none.	History with photos is new, but old times have none.
reception	1	The party after the wedding is called a reception.	The party after the wedding is called a big party.
recital	1	Sometimes one person plays alone, and that is called a recital.	Sometimes one person plays alone, and that is called a solo show.
recordings	1	Albert Einstein's voice was quiet and gentle in old recordings.	Albert Einstein's voice was quiet and soft in old sound clips.
red-brick	1	The red-brick house is old.	The house made of red bricks is old.
redblacks	1	Some sports teams play in Ottawa, like the Ottawa Redblacks for football.	
reds	1	A painting from long ago has bright reds, deep blues, and shiny gold.	A painting from long ago has bright red, deep blue, and shiny gold.
reflections	1	I see two reflections in the shiny spoon.	I see two pictures of me in the shiny spoon.
reform	1	Mahayana is to Buddhism as Reform is to Judaism.	
reformation	1	The age of enlightenment, the Reformation, and the Age of Discovery are all important times in Europe.	
refrigeration's	1	Refrigeration's job is to keep things cold.	A fridge's job is to keep things cold.
regatta	1	A big sailing race is called a regatta.	A big boat race is called a regatta.
reich	1	Later, some composers made music that repeats simple ideas over and over, like Steve Reich and Philip Glass.	
reliquary	1	A special box that holds a relic is called a reliquary.	A special box that holds a holy thing is called a holy box.
remainder	1	Sometimes there are leftovers, called the remainder.	Sometimes there are leftovers, called the rest.
reminder	1	I always forget to set a reminder.	I always forget to set a note to remember.
remotes	1	I have two remotes on the table.	I have two clickers on the table.
remus	1	He had two baby boys named Romulus and Remus, and another son named Cupid.	
rennes	1	The biggest city in Brittany is called Rennes.	
repairs	1	Well, the home was very old and needed many repairs.	Well, the home was very old and needed many fixes.
representative	1	Today, most countries use representative democracy, where people choose leaders to make laws for them.	Today, most countries let people pick leaders to make rules for them.
reptile's	1	The reptile's tail is long and big.	The lizard's tail is long and big.
republican	1	In the United States, many conservatives are in the Republican Party.	
residue	1	The stuff left behind is called the residue.	The stuff left behind is called the leftover bits.
respecting	1	Respecting each other's religion is very common here.	Being nice about each other's religion is very common here.
responsible	1	They also have to be responsible for what they do.	They also have to be in charge of what they do.
restaurant's	1	The restaurant's door is blue.	The eating place's door is blue.
retrievers	1	Popular gun dogs are spaniels, golden retrievers, and labradors.	Popular gun dogs are spaniels, golden fetch dogs, and labradors.
reusing	1	My dad helps stop pollution by reusing bags.	My dad helps stop trash by using bags again.
review	1	Practice, study, and review are ways to learn.	Practice, study, and looking again are ways to learn.
revolutions	1	The French Revolution, the American Revolution, and the Russian Revolution are all revolutions.	
reykjav	1	People live in small towns, and the biggest town is Reykjavík.	
reykjavik	1	The capital city is Reykjavik.	
rhodes	1	Many islands are in this sea, like Crete and Rhodes.	
rhodesia	1	Zambia used to be called Northern Rhodesia.	
rhombus	1	A rhombus has four sides that are all the same length but its corners are not square.	A diamond shape has four sides that are all the same length but its corners are not square.
rials	1	Different countries have different kinds of money, like dollars or rials.	Different countries have different kinds of money, like dollars or other coins.
richard	1	Some famous rock and roll singers were Elvis Presley, Chuck Berry, and Little Richard.	
rihanna	1	The singer Rihanna is also from Barbados.	
rijn	1	The artist Rembrandt van Rijn made it.	
rila	1	If you visit Bulgaria, you can see the Rila Monastery.	
rima	1	My friend Rima is from Bangladesh.	
ring-tailed	1	The ring-tailed lemur has a black and white tail.	The lemur with rings on its tail has a black and white tail.
riveting	1	Riveting made a loud noise.	Hammering metal pins made a loud noise.
riya	1	Riya lives in Rajasthan, a hot and sunny place.	
rk	1	Then a man named Mustafa Kemal Atatürk changed the letters to the ones we use in English.	
rmqi	1	Today, people can visit big cities like rmqi, which is very far from the sea.	
roadsides	1	It grows wild on roadsides in Europe and also in North America, China, and Australia.	It grows wild next to roads in Europe and also in North America, China, and Australia.
roald	1	The first people to reach the South Pole were from Norway, led by Roald Amundsen, in 1911.	
robin's	1	In spring, the male robin's red chest gets a little redder.	In spring, the boy robin's red chest gets a little more red.
rochester	1	The state has other cities like Buffalo, Rochester, Syracuse, and Albany.	
rockers	1	Some punk rockers make their own music without help from big companies.	Some punk music fans make their own music without help from big companies.
rocket's	1	The rocket's fire is very bright.	The space ship's fire is very bright.
rockies	1	They are also called the Rockies.	
rococo	1	Modernism is simple, and rococo is fancy.	Modern art is simple, and old fancy art is fancy.
rodin	1	A man named Auguste Rodin made this statue a long time ago.	
rogers	1	The most famous ballroom dancers were Fred Astaire and Ginger Rogers, but they danced in movies.	
rojin	1	A Kurdish girl named Rojin lives in a small village.	
rojo	1	Do you know 'rojo'?	
romaine	1	A common kind is the one with long, crisp leaves called romaine.	A common kind is the one with long, crisp leaves called long lettuce.
romance	1	They are called Romance languages.	
romansh	1	People in Switzerland speak four languages: German, French, Italian, and Romansh.	
romp	1	A group of otters is called a romp.	A group of otters is called a fun group.
romulus	1	He had two baby boys named Romulus and Remus, and another son named Cupid.	
rook	1	His friend helped him learn how the rook moves.	His friend helped him learn how the castle piece moves.
roosters	1	You hear birds and roosters in a village in the morning.	You hear birds and chickens in a village in the morning.
roping	1	They started to have contests to see who was the best at riding and roping.	They started to have contests to see who was the best at riding and catching with rope.
rosary	1	They pray using beads called a Rosary.	
roseau	1	The capital city is Roseau.	
rosettes	1	Leopards have tan fur with dark spots called rosettes.	Leopards have tan fur with dark spots called flower spots.
roti	1	Ali says in Pakistan people eat flat bread called roti every day.	Ali says in Pakistan people eat flat bread called flat bread every day.
rotors	1	It has spinning blades on top called rotors that lift it up.	It has spinning blades on top called spinning wings that lift it up.
rots	1	A mineral stays the same for a long time, but an apple rots quickly.	A rock stays the same for a long time, but an apple goes bad quickly.
rotte	1	The city got its name from a dam built across the river Rotte a long time ago.	
round-topped	1	One famous building is a big, round-topped house called the Taj Mahal.	One famous building is a big, round-top house called the Taj Mahal.
roundabout	1	We play on the roundabout and laugh.	We play on the spinning toy and laugh.
roundabouts	1	The city was planned before it was built, with wide streets and roundabouts.	The city was planned before it was built, with wide streets and traffic circles.
roundhouse	1	An iron age roundhouse has a pointy roof.	An old iron age house has a pointy roof.
roy	1	Artists like Andy Warhol and Roy Lichtenstein made pop art.	
rubens	1	A Rembrandt is an old painted picture, like the ones by Rubens.	
rudolf	1	It was invented by a man named Rudolf Diesel a long time ago.	
rumi's	1	This is the rumi's water.	
rumpelstiltskin	1	The book has many famous stories like Snow White, Hansel and Gretel, and Rumpelstiltskin.	
runner-up	1	First is to winner as second is to runner-up.	First is to winner as second is to second place.
rupiah	1	People use Indonesian money called rupiah.	People use Indonesian money called Indonesian coins.
rus	1	Ukraine means 'borderland'.Long ago, a powerful state called Kyivan Rus was in this land.	
russia's	1	Russia's flag is white, blue, and red.	
sa	1	First, walk by the Saône River.	
saber	1	There are many kinds of swords, like the curved saber or the straight sword.	There are many kinds of swords, like the curved sword or the straight sword.
sack	1	A bag, a sack, and a pouch are all soft containers.	A bag, a big bag, and a pouch are all soft holders.
sacs	1	Your lungs have tiny air sacs that swap oxygen for carbon dioxide.	Your lungs have tiny air bags that swap air for bad air.
sad-looking	1	A sad-looking puppy sat by the door.	A sad puppy sat by the door.
saddest	1	Leaving my hometown was the saddest day of my life.	Leaving my home town was the most sad day of my life.
sadly	1	A tragedy is a kind of play that ends very sadly.	A sad play is a kind of play that ends very sadly.
sagebrush	1	Plants that grow there are short grasses and sagebrush.	Plants that grow there are short grasses and small bushes.
sagittarius	1	Our own galaxy has a huge black hole at its center called Sagittarius A*.	
sagrada	1	One famous church is called Sagrada Familia, and it is still being built.	One famous church is called the Big Family Church, and it is still being built.
sahara's	1	The Sahara's nights are cool.	The big desert's nights are cool.
sailplanes	1	Gliders with long wings are called sailplanes.	Planes with long wings that glide are called gliders.
sake	1	Rice can also be used to make a drink called sake.	Rice can also be used to make a drink called rice wine.
salamat	1	He says "Salamat" when he wants to say thank you.	
salesman	1	A person who sells things is called a salesman.	A person who sells things is called a seller.
salespeople	1	Salespeople talk to people who might want to buy what they are selling.	Sellers talk to people who might want to buy what they are selling.
saloon	1	A western often has a saloon with swinging doors that creak open and shut.	A cowboy movie often has a bar with swinging doors that creak open and shut.
salted	1	People eat peanuts as a snack, often roasted and salted.	People eat peanuts as a snack, often cooked and with salt.
saltier	1	The water is very, very salty — almost nine times saltier than the ocean.	The water is very, very salty — almost nine times more salty than the ocean.
saltpeter	1	It is made from three things: saltpeter, charcoal, and sulfur.	It is made from three things: a white powder, charcoal, and sulfur.
saltwater	1	The Black Sea is a big body of saltwater between Europe and other lands.	The Black Sea is a big body of salty water between Europe and other lands.
salutes	1	He salutes and stands very tall.	He puts his hand to his head and stands very tall.
salyut	1	The first space station was called Salyut 1.	
samaritan	1	It is like the story of the Good Samaritan who helped a hurt man.	It is like the story of the Good Helper who helped a hurt man.
samarkand	1	Bukhara and Samarkand are very old cities with pretty buildings.	
same-size	1	If you cut an apple into two same-size pieces, each is a half.	If you cut an apple into two equal pieces, each is a half.
samia	1	The president is Samia Suluhu Hassan.	
samoans	1	Many Samoans play Rugby.	Many people from Samoa play Rugby.
samothrace	1	There are famous statues like the Winged Victory of Samothrace.	
samples	1	Computers learn from many voice samples to sound natural.	Computers learn from many voice clips to sound natural.
sams	1	Some Sams have short hair, and some have long hair.	Some people named Sam have short hair, and some have long hair.
samsung	1	South Korea makes phones and TVs from Samsung.	
samui	1	Some famous places are Ko Samui, Pattaya, and Hua Hin.	
sandpit	1	In the sandpit we make a big dam.	In the sandbox we make a big dam.
sandstorms	1	Wind blows sand into big clouds called sandstorms.	Wind blows sand into big clouds called sand storms.
sango	1	People there speak French and a language called Sango.	
santas	1	There are two Santas at the mall today.	There are two Santa Clauses at the mall today.
sao	1	Sao Paulo is a big city in Brazil.	
sapa	1	They had a king called the Sapa Inca.	
sardinian	1	People in Sardinia speak Italian and Sardinian.	
sargasso	1	The Sargasso Sea has brown algae that float on water.	
sari	1	An Indian sari is a traditional cloth.	An Indian dress is a traditional cloth.
saris	1	She sees pictures of people wearing saris.	She sees pictures of people wearing Indian dresses.
sarnia	1	Sarnia is a small city on Lake Huron.	
satay	1	You can eat tasty food like satay.	You can eat tasty food like meat on sticks.
saucier	1	A cook who makes sauces is called a saucier.	A cook who makes sauces is called a sauce cook.
savai'i	1	It has two big islands called Upolu and Savai'i.	
savior	1	Jesus is my dear savior.	Jesus is my dear helper.
saw-nose	1	It uses its saw-nose to dig in the sand for food.	It uses its nose like a saw to dig in the sand for food.
sawdust	1	They made little piles of sawdust outside.	They made little piles of wood dust outside.
sax	1	It was made by a man named Adolphe Sax.	
say-sorry	1	A say-sorry card is nice.	A sorry card is nice.
scalp	1	A louse on your head can make your scalp itch.	A louse on your head can make your skin itch.
scarce	1	During hard times, food is scarce.	During hard times, food is hard to find.
scarcity	1	The great depression was a time of scarcity.	The great depression was a time when things were hard to find.
scarecrows	1	Some homes have decorations like pumpkins and scarecrows.	Some homes have decorations like pumpkins and straw men.
scarier	1	That story is much scarier than the other one.	That story is much more scary than the other one.
scattered	1	When the tower fell, the blocks scattered on the floor.	When the tower fell, the blocks spread out on the floor.
scenery	1	The green scenery is beautiful.	The green view is beautiful.
scepter	1	He or she held a stick called a scepter.	He or she held a stick called a royal stick.
schiphol	1	The city has a big airport called Schiphol.	
schoenberg	1	Arnold Schoenberg made music that did not sound like a key.	
schoolbag	1	Father helps me carry my schoolbag.	Father helps me carry my school bag.
schoolbook	1	A schoolbook helps you learn about numbers or animals.	A school book helps you learn about numbers or animals.
schwarzenegger	1	Arnold Schwarzenegger is a famous bodybuilder.	
scold	1	Punishment is to scold.	Punishment is to yell at someone.
scone	1	She ate a warm scone with butter.	She ate a warm biscuit with butter.
scoring	1	I enjoy running and scoring points.	I enjoy running and getting points.
scotch	1	Peat is used to make Scotch whisky taste smoky.	Peat is used to make a strong drink taste smoky.
scottie	1	There are many types of terriers, like the Scottie.	
scramble's	1	The scramble's taste is warm and good.	The mixed eggs' taste is warm and good.
screaming	1	He heard a sound like nature screaming.	He heard a sound like nature yelling.
screams	1	A primate can make loud sounds like screams.	A monkey can make loud sounds like yells.
screwdrivers	1	Two tools are screwdrivers.	Two tools are tools for turning screws.
scribble	1	She tried it on a scribble in her book.	She tried it on a drawing in her book.
scribbles	1	Her first picture was just scribbles.	Her first picture was just marks.
scribe	1	First, a scribe draws a bird picture for a sound.	First, a writer draws a bird picture for a sound.
scrubbing	1	I am scrubbing the copper pot.	I am cleaning the copper pot.
sculpting	1	Sculpting uses rock, metal, or wood to make shapes.	Making statues uses rock, metal, or wood to make shapes.
scum	1	Algae and pond scum are slimy things on water.	Algae and pond slime are slimy things on water.
scurvy	1	Not enough vitamin C can cause scurvy.	Not enough vitamin C can cause a sickness.
scuttle	1	She watched it scuttle away.	She watched it run away quickly.
sd	1	The most common kind is called an SD card.	The most common kind is called a memory card.
sea's	1	The sea's waves are loud.	The ocean's waves are loud.
seafloor	1	Hot lava comes out of the seafloor.	Hot lava comes out of the ocean floor.
seagrass	1	It hides in seagrass to stay safe.	It hides in sea plants to stay safe.
seahawks	1	People in Seattle like the Seahawks.	
sealed	1	She watched as they sealed it tight.	She watched as they closed it tight.
searches	1	Some puzzles are word searches.	Some puzzles are word finds.
seashore	1	Many brown algae grow on rocks at the seashore.	Many brown algae grow on rocks at the beach.
season's	1	The season's first snow is always fun.	The first snow of the season is always fun.
seawater	1	Seawater is salty because it has salt.	Ocean water is salty because it has salt.
second's	1	Ramesses the Second's crown was very tall.	
second-biggest	1	It is the second-biggest city in the country.	It is the next biggest city in the country.
second-class	1	In a second-class lever, the load is in the middle.	In a type of lever, the load is in the middle.
second-degree	1	A second-degree burn might need a doctor.	A bad burn might need a doctor.
second-hand	1	When someone tells you about it, that is second-hand.	When someone tells you about it, that is not from you.
second-longest	1	It is the second-longest river there.	It is the next longest river there.
second-to-last	1	Polish words have force on the second-to-last part.	Polish words have force on the next to last part.
secretarybirds	1	I saw two secretarybirds in the tall grass.	I saw two tall birds in the tall grass.
seed's	1	The seed's coat is brown.	The seed's cover is brown.
segregation	1	This was called segregation.	This was called keeping people apart.
sei	1	Sei whales swim in the sea.	Big whales swim in the sea.
seismologists	1	People who study earthquakes are called seismologists.	People who study earthquakes are called earthquake scientists.
seismometer	1	They use a tool called a seismometer to feel shaking.	They use a tool called a shaking measurer to feel shaking.
select	1	Choose, pick, and select are things you do with your mind.	Choose, pick, and pick out are things you do with your mind.
selection's	1	The selection's colors are very pretty.	The chosen things' colors are very pretty.
selections	1	The teacher says some selections are difficult.	The teacher says some chosen things are difficult.
self	1	I love my true self.	I love my true me.
self-attack	1	Sometimes the body's defense system gets confused and attacks your own body, which is called a self-attack disease.	Sometimes the body's guard system gets mixed up and hurts your own body. That is called a self-hurt sickness.
self-checkout	1	Oh, it has automatic doors and self-checkout machines.	Oh, it has doors that open by themselves and machines where you pay by yourself.
self-defense	1	Martial arts are important for self-defense.	Fighting sports are important for keeping yourself safe.
self-fulfilling	1	That is called a self-fulfilling prophecy.	That is called a guess that makes itself come true.
self-hypnosis	1	One person can do self-hypnosis.	One person can put themselves into a deep sleep-like state.
self-raising	1	That kind is called self-raising flour.	That kind is called flour that puffs up by itself.
semester	1	School in spring is called spring semester.	School in spring is called the spring school time.
semi-automatic	1	A semi-automatic rifle shoots one bullet each time.	A gun that shoots one bullet each time you pull the trigger is called a semi-automatic rifle.
seneca	1	These tribes were the Mohawk, Oneida, Onondaga, Cayuga, and Seneca.	
serekunda	1	Many people live in the cities of Serekunda and Brikama.	
setswana	1	They speak two languages: Setswana and English.	
settling	1	Moving to a new place to live is called settling.	Moving to a new place to live is called making a new home.
seventeen's	1	Seventeen's big sister is eighteen.	The number after seventeen is eighteen.
seventy	1	A grandparent is old, like sixty or seventy.	A grandparent is old, like sixty or seventy years old.
sfo	1	San Francisco has a big airport called SFO.	
sh	1	I hear sounds like 'ch' and 'sh'.	
shah	1	A king named Shah Jahan built it for his wife.	
shakespeare's	1	She said William Shakespeare's words are still fun.	
shalimar	1	People visit the Shalimar Gardens too.	
shaman's	1	A shaman's face has red and black lines.	A magic person's face has red and black lines.
shamans	1	People in many places have shamans.	People in many places have magic helpers.
shandong	1	It is in a place called Shandong.	
shaniwar	1	First, you go to the Shaniwar Wada fort.	
shape's	1	This shape's form is very simple.	This shape's look is very simple.
sharm	1	Some towns by the Red Sea are Sharm el-Sheikh, Eilat, and Hurghada.	
sharp-toothed	1	A piranha is a small, sharp-toothed fish that lives in warm rivers and lakes.	A piranha is a small fish with very sharp teeth that lives in warm rivers and lakes.
sharpness	1	Sourness and sharpness are tastes that make you pucker.	Sour and sharp tastes make your mouth pucker.
shatt	1	Basra sits near a wide river called the Shatt al-Arab.	
shelly	1	Tom has a red-eared slider named Shelly.	
shepherd	1	A farmer and a shepherd take care of animals.	A farmer and a person who watches sheep take care of animals.
sherbet	1	Some are frozen, like ice cream and sherbet.	Some are frozen, like ice cream and fruity ice.
sherman	1	The biggest tree in the world is a redwood named General Sherman Tree.	
sherpa	1	The Sherpa people live near the mountain.	
sherwood	1	He lives in a big forest called Sherwood with his friends.	
shihuang	1	Then, a leader named Qin Shihuang made the first big empire.	
shillings	1	Before 1971, the pound was split into 20 shillings.	Before 1971, the pound was split into 20 smaller coins.
shimin	1	Wu Zetian, Li Shimin, and Gaozu are rulers of the Tang dynasty.	
shins	1	I have two shins on my legs.	I have two front parts of my lower legs.
shiraz	1	I want to visit the beautiful city of Shiraz.	
shirt's	1	The shirt's color is blue.	
shivaji	1	A long time ago, a famous king named Shivaji Maharaj lived there.	
shkhara	1	The highest mountain is Mount Shkhara.	
shona	1	The people speak many languages, like Shona and Ndebele.	
shop's	1	The shop's window is big.	
short-sleeved	1	A short-sleeved shirt is good for a hot day.	A shirt with short arms is good for a hot day.
shower's	1	The shower's water is warm.	
showering	1	Swimming, bathing, and showering use water.	Swimming, taking a bath, and taking a shower use water.
shrimp's	1	A shrimp's heart is inside its head.	
shrimps	1	They are cousins of shrimps and crabs.	They are cousins of small sea animals and crabs.
shukriya	1	In the Hindustani language, you say 'shukriya' for thank you.	
siachen	1	Some of the glaciers are very long, like the Siachen Glacier.	
siberian	1	Some people who live there are called Siberian people.	Some people who live there are called people from a cold place.
siddhartha	1	It comes from a man named Siddhartha Gautama, who is called the Buddha." The Buddha taught people how to be happy and stop feeling sad.	
side's	1	The team that makes the ball touch the other side's sand wins a point.	
sidecar	1	Some motorcycles have a sidecar for an extra person.	Some motorcycles have a little seat on the side for an extra person.
sightseeing	1	They might go sightseeing, camping, or stay at a resort.	They might go looking at new places, camping, or stay at a hotel.
sikkim	1	Sometimes Sikkim is also counted.	
silver-white	1	It is a soft, silver-white metal that feels heavy.	It is a soft, white shiny metal that feels heavy.
sim	1	Simón Bolívar helped the country become free.	
simba	1	In Swahili, 'simba' means lion.	
simbel	1	You can see his statue in Egypt, at Abu Simbel.	
similarity	1	Difference and similarity tell us how things are not alike or alike.	Difference and sameness tell us how things are not alike or alike.
simon	1	A man named Simon Marius found it a long time ago.	
simpson	1	If Homer Simpson eats too many donuts, he gets a big belly.	
sinbad	1	One famous story is about a man named Sinbad who goes on many adventures on a ship.	
sine	1	A logarithm, a sine, and a cosine are all math things.	
sinensis	1	The leaves come from a plant called Camellia sinensis.	
singapore's	1	Singapore's buildings are so tall and bright.	
single-color	1	A laser is a machine that makes a very strong, single-color beam of light.	A laser is a machine that makes a very strong, one-color beam of light.
sinhalese	1	The people are mostly Sinhalese, who speak Sinhala and are Buddhist.	
sipho	1	A little Zulu boy named Sipho danced with his family.	
sistine	1	The most famous painted ceiling is in a big church called the Sistine Chapel.	
sit-ups	1	Push-ups, sit-ups, and jumping are exercises you can do without toys.	
sitcom	1	It is also called a sitcom.	It is also called a funny TV show.
sitcoms	1	Today, comedy shows on TV are called sitcoms.	Today, funny shows on TV are called sitcoms.
sixty-one	1	It comes after fifty-nine and before sixty-one.	
skank	1	The guitar plays a sound called a "skank" on the off-beat.	The guitar plays a sound called a 'chank' on the off-beat.
skateboards	1	People use wheels on many things like carts, wheelchairs, and skateboards.	People use wheels on many things like carts, wheelchairs, and boards with wheels.
skated	1	Long ago, people in the Netherlands skated on frozen canals to visit other villages.	Long ago, people in the Netherlands slid on ice on frozen canals to visit other villages.
skeletal	1	Those are called skeletal muscles.	Those are called muscles that move your bones.
skeptics	1	People who are skeptics ask lots of questions.	People who ask lots of questions are called doubters.
skirmish	1	A small battle is called a skirmish.	A small fight is called a skirmish.
skylab	1	Other space stations were Skylab and Mir.	
skylight	1	A window and a skylight are both made of glass and let in light.	A window and a window on the roof are both made of glass and let in light.
skyline	1	The skyline of Hong Kong is very pretty.	The line of tall buildings in Hong Kong is very pretty.
slab	1	Last, the concrete hardens into a strong slab.	Last, the hard gray stuff turns into a strong flat piece.
slams	1	You might hear it when a door slams shut or when a balloon pops.	You might hear it when a door shuts hard or when a balloon pops.
slaps	1	Then, it slaps the water to stun the fish.	Then, it hits the water to stun the fish.
slapstick	1	One funny type is slapstick, where people trip or fall on purpose.	One funny type is silly falling, where people trip or fall on purpose.
slav	1	She pretended to be a slav girl in her own backyard.	She pretended to be a girl from a faraway land in her own backyard.
sleeveless	1	A shirt without sleeves is called sleeveless.	
sleipnir	1	Odin rides a horse with eight legs called Sleipnir.	
slide's	1	Look at the slide's legs.	
slinger	1	A good slinger could hit a small target from far away.	A good thrower with a sling could hit a small target from far away.
slinky	1	It looks like a curly snake or a slinky toy.	It looks like a curly snake or a springy toy.
sloping	1	You can find it on a playground slide, a sloping road, or a ramp for a wheelchair.	You can find it on a playground slide, a road that goes down, or a ramp for a wheelchair.
slosh	1	I shake the medicine bottle and hear a slosh sound.	I shake the medicine bottle and hear a splash sound.
slouch	1	If you sit on the floor and slouch, your spine bends too much.	If you sit on the floor and bend your back too much, your spine bends too much.
slovaks	1	Some Slavs are called Russians, Poles, Ukrainians, Czechs, Slovaks, and many other names.	
slow-motion	1	It moves very, very slowly, sliding downhill like a slow-motion river.	It moves very, very slowly, sliding downhill like a very slow river.
slump	1	Tired shoulders slump down and forward.	Tired shoulders drop down and forward.
slurps	1	He slurps them up and laughs.	He drinks them up with a loud sound and laughs.
slushy	1	The snowy street gets slushy when cars drive on it.	The snowy street gets wet and messy when cars drive on it.
smack	1	It can be a soft tap or a hard smack.	It can be a soft tap or a hard hit.
smartwatch	1	The smartwatch feels light on my hand.	The watch that can do many things feels light on my hand.
smartwatches	1	There are also smartwatches that can do things like a phone.	There are also watches that can do things like a phone.
smelt	1	Long ago, people learned to smelt and made tools and swords.	Long ago, people learned to melt rock to get metal and made tools and swords.
smiljan	1	He was born in a place called Smiljan.	
smocks	1	Aprons and smocks are clothes that keep you clean.	Aprons and loose shirts are clothes that keep you clean.
smokestack	1	A steam engine has a big smokestack.	A steam engine has a big pipe for smoke.
smoothed	1	She pulled the blanket up high and smoothed it with her hands.	She pulled the blanket up high and made it flat with her hands.
smudged	1	The text on the wet paper is smudged and hard to read.	The writing on the wet paper is messy and hard to read.
sn	1	It's called SN 1987A.	
snail's	1	Some mollusca shells are round like a snail's.	Some mollusca shells are round like a snail's shell.
snail-shaped	1	Tiny bones behind the eardrum pass the shake to a snail-shaped part deep inside.	Tiny bones behind the eardrum pass the shake to a part deep inside that looks like a snail.
snailfish	1	Scientists keep finding new kinds of deep-sea fish, like the Mariana snailfish.	
sneezy	1	Some people get sneezy because of tiny bits from plants called pollen.	
sniffled	1	Another tear came, and she sniffled softly.	Another tear came, and she sniffed softly.
snipped	1	She held them carefully and snipped along the dotted line.	She held them carefully and cut along the dotted line.
snoop	1	Many singers use short, fun names like Snoop Dogg or Eminem.	
snoring	1	Last, you stop snoring and sleep quietly.	Last, you stop making loud sounds when you sleep and sleep quietly.
snorting	1	It made a loud snorting sound.	It made a loud sound like a pig.
snow's	1	The snow's color is white.	The color of the snow is white.
snowboarders	1	Some snowboarders like to jump over bumps and do tricks.	Some people who ride on snow like to jump over bumps and do tricks.
snowdon	1	Wales has high mountains, like Snowdon, which is the tallest.	
snowed	1	I was happy that it snowed so much.	I was happy that so much snow fell.
snowman's	1	The snowman's body is solid and round.	The snowman's body is hard and round.
snowplow	1	A plow is for soil, but a snowplow is for snow.	A plow is for soil, but a snow plow is for snow.
snowy's	1	Every day she brushed Snowy's soft mane.	
snuck	1	He snuck up behind his dad and said "Boo!" His dad jumped and laughed.	He came up quietly behind his dad and said "Boo!" His dad jumped and laughed.
sobek	1	Horus was a good friend of Sobek, another god.	
sobers	1	Cricket is the national sport, and famous players like Sir Garfield Sobers come from there.	
soldier's	1	You might see one on a soldier's jacket or around the neck of a winner at a race.	
solovetsky	1	The White Sea has many small islands, and the biggest group is called the Solovetsky Islands.	
somalis	1	People from Somalia are called Somalis.	
something-box	1	A something-box is a box with something in it.	
sonars	1	Two sonars are more than one.	
songhay	1	People from different groups live there, like the Songhay and Tuareg.	
soprano	1	The highest voice is soprano, then alto, then tenor, then bass.	The highest voice is the high voice, then the middle voice, then the low voice, then the very low voice.
soroban	1	There is a Chinese abacus and a Japanese one called a soroban.	
sorrel	1	It is a cousin of rhubarb and sorrel.	It is a cousin of rhubarb and a sour green plant.
sourdough	1	Sourdough bread tastes a little sour.	Bread that tastes a little sour is called sourdough.
south-east	1	It is in the south-east part of Africa.	It is in the bottom right part of Africa.
sox	1	The Red Sox play baseball at Fenway Park.	
spa	1	Towns that grow near these springs are called spa towns.	Towns that grow near these springs are called water towns.
spacex	1	A company called SpaceX is building a big rocket that could take people to Mars one day.	
spanakopita	1	It is called spanakopita.	
spaniards	1	The people of Spain are called Spaniards.	
spaniels	1	Popular gun dogs are spaniels, golden retrievers, and labradors.	
sparky	1	His name is Sparky.	
spartans	1	He told his dad he wanted to be brave like the Spartans.	
spasibo	1	She says "privet" for hello and "spasibo" for thank you.	
spatulas	1	Well, we use silicon in many things like spatulas.	Well, we use silicon in many things like flat kitchen tools.
spencer	1	A man named Percy Spencer found out about this when a candy bar in his pocket melted while he was working with radio waves.	
sphagnum	1	Special moss called Sphagnum grows there.	
spiderlings	1	Baby spiders are called spiderlings.	Baby spiders are called spider babies.
spies	1	They felt like spies with their secret messages.	They felt like secret watchers with their secret messages.
spiny-tailed	1	Some animals live there, like gazelles, antelopes, sand cats, and spiny-tailed lizards.	Some animals live there, like gazelles, antelopes, sand cats, and lizards with spiny tails.
spirals	1	They come in different shapes: some are round like balls, some are long like rods, and some are twisty like spirals.	They come in different shapes: some are round like balls, some are long like rods, and some are twisty like curls.
spires	1	Two cathedrals have tall spires.	Two big churches have tall pointed tops.
spiritual	1	You can feel spiritual when you are quiet and think about things that are bigger than you.	You can feel close to something bigger when you are quiet and think about things that are bigger than you.
spitfires	1	They also made airplanes called Spitfires for a big war.	
spits	1	He works in a hot shop under a mountain that sometimes spits fire.	He works in a hot shop under a mountain that sometimes throws out fire.
spitting	1	It likes to be with other llamas and can make a funny spitting sound when it is upset.	It likes to be with other llamas and can make a funny sound like spitting when it is upset.
spleens	1	Two spleens are fewer than one spleen.	
spmi	1	Their home is called Spmi.	
spoiled	1	Bad, rotten, and spoiled are all words for food that you cannot eat.	
spore	1	First, a tiny kelp spore sticks to a rock.	First, a tiny kelp seed sticks to a rock.
spout	1	Steam comes from the spout of the tea pot.	Steam comes from the opening of the tea pot.
spreader	1	We need a fertilizer spreader for the garden.	We need a tool to spread plant food for the garden.
springfield	1	Dad asks, “Do you know the capital of our state?” I know the capital is Springfield.	
sprint	1	Cardiovascular endurance is when your heart works well for a long time, but a short sprint is a quick run.	Cardiovascular endurance is when your heart works well for a long time, but a short fast run is a quick run.
sprinter	1	The best sprinter gets a green shirt, and the best rider in the mountains gets a polka dot shirt.	The best fast runner gets a green shirt, and the best rider in the mountains gets a polka dot shirt.
spruces	1	The trees are pines, spruces, and larches.	
sputnik	1	The first satellite was Sputnik 1, sent up in 1957.	
squadrons	1	They live in groups called squadrons, with six to nine animals in each group.	They live in groups called teams, with six to nine animals in each group.
square's	1	The corner looked like a square's corner.	
squiggles	1	Lily made a colorful picture with dots and squiggles.	Lily made a colorful picture with dots and wiggly lines.
squinting	1	Then, you can play outside without squinting.	Then, you can play outside without closing your eyes a little.
squirted	1	It squirted a tiny puff of ink and swam away.	It shot out a tiny puff of ink and swam away.
squishing	1	It is made by squishing grapes and waiting for them to change.	It is made by pressing grapes and waiting for them to change.
sssssss	1	It sounds like sssssss.	
staffs	1	Big groups like an orchestra use a score with many staffs stacked together.	Big groups like an orchestra use a score with many lines stacked together.
stained	1	Stained glass in the catholic church is blue, red, and yellow.	Colored glass in the catholic church is blue, red, and yellow.
staircases	1	Machu Picchu has more than 150 buildings and over 100 staircases.	Machu Picchu has more than 150 buildings and over 100 sets of stairs.
stakes	1	The cloth is held up by sticks or poles and tied to the ground with ropes and little stakes.	The cloth is held up by sticks or poles and tied to the ground with ropes and little sticks.
stamford	1	Singapore was started as a trading place by a man named Stamford Raffles.	
standards	1	Standards make it easier for everyone to understand each other and stay safe.	Rules make it easier for everyone to understand each other and stay safe.
stanzas	1	A poem is made of lines, and groups of lines are called stanzas.	A poem is made of lines, and groups of lines are called parts.
staple	1	A bond, a paper clip, and a staple join two papers.	A bond, a paper clip, and a metal clip join two papers.
stapler	1	In a third-class lever, the push is in the middle, like a stapler.	In a third-class lever, the push is in the middle, like a paper clip tool.
staples	1	She staples the pages together to make a book.	She clips the pages together to make a book.
star-making	1	The Orion nebula is far away, but it is one of the closest star-making places to Earth.	The Orion nebula is far away, but it is one of the closest places where stars are made to Earth.
star-shaped	1	Lily found a star-shaped seed in her kitchen.	Lily found a seed shaped like a star in her kitchen.
starbucks	1	Big companies like Microsoft and Starbucks started there.	
starchy	1	Inside, it is soft and starchy, like a potato.	Inside, it is soft and like a potato.
stares	1	Yes, a tired baby rubs its eyes and stares without moving.	Yes, a tired baby rubs its eyes and looks without moving.
staring	1	We ask if the cold war was like a staring contest, and she says yes.	We ask if the cold war was like a looking contest, and she says yes.
staycation	1	That is called a staycation.	That is called a stay-at-home vacation.
steamboat's	1	First, you put wood into the steamboat's fire.	First, you put wood into the steam boat's fire.
steams	1	The really hot soup steams in the bowl.	The very hot soup has steam coming up from the bowl.
steeper	1	Mountains are bigger and steeper than hills.	Mountains are bigger and have steeper sides than hills.
steeply	1	The shelf ends where the ocean floor drops down steeply.	The shelf ends where the ocean floor goes down very fast.
stella	1	The artist Frank Stella painted wide stripes.	
step-step-pause	1	The music has a beat that goes step-step-pause.	The music has a beat that goes step, step, stop.
stepbrothers	1	You might get stepbrothers or stepsisters.	You might get new brothers or sisters from a parent's new marriage.
stepkids	1	Some families have stepkids or adopted kids.	Some families have kids from a parent's new marriage or kids they adopted.
steve	1	Later, some composers made music that repeats simple ideas over and over, like Steve Reich and Philip Glass.	
stevie	1	Stevie Wonder is a famous blind person.	
stika	1	The ones that believe in the Vedas are called stika, and the ones that do not are called nstika.	
stillness	1	Stillness is like being very still.	Stillness is like being very quiet and not moving.
stink	1	That is called a stink fight.	That is called a smelly fight.
stinks	1	Old trash stinks.	Old trash smells very bad.
stir-fried	1	Peas are used in salads and stir-fried dishes.	Peas are used in salads and dishes cooked quickly in a pan.
stir-fry	1	A salad and a stir-fry use many plants.	A salad and a quick-cooked dish use many plants.
stir-frying	1	That is called stir-frying.	That is called cooking food quickly in a pan while moving it around.
stitched	1	It has two button eyes and a stitched smile.	It has two button eyes and a smile made with thread.
stoker	1	A man named Bram Stoker wrote the story.	
stoppers	1	You can find it in bottle stoppers.	You can find it in bottle tops.
stopwatch	1	He timed it with a stopwatch.	He timed it with a special watch that can stop and start.
store-bought	1	Those are called store-bought medicines.	Those are called medicines you buy at a store.
storm's	1	A storm's wind can break a branch.	The wind from a storm can break a branch.
story's	1	The story's end was happy.	The end of the story was happy.
story-book	1	I found a story-book under the bed.	I found a book of stories under the bed.
story-reader	1	That is a story-reader for kids.	That is a person who reads stories for kids.
stovepipe	1	Abraham Lincoln wore a tall stovepipe hat.	
straightened	1	Then she straightened it to stand up tall.	Then she made it straight to stand up tall.
straightening	1	The dance has a move of bending and straightening the knees.	The dance has a move of bending and making the knees straight.
straightens	1	Last, you stand up and your hip straightens out.	Last, you stand up and your hip becomes straight.
straighter	1	It looks like a small horse but has longer ears and a straighter back.	It looks like a small horse but has longer ears and a back that is more straight.
strands	1	Algae grows in long, thin strands.	Algae grows in long, thin pieces like hair.
strange-looking	1	Some stories have very strange-looking aliens.	Some stories have aliens that look very odd.
stranger's	1	Never take a stranger's drug.	Never take medicine from someone you do not know.
strangest	1	Emma thought it was the strangest animal she had ever seen.	Emma thought it was the most strange animal she had ever seen.
stravinsky	1	Igor Stravinsky used old music with strange sounds.	
straw-colored	1	Its beak is straw-colored with black marks.	Its beak is light yellow with black marks.
stray	1	Tom would never touch a stray dog.	Tom would never touch a dog that has no home.
streaky	1	There are fluffy clouds and thin, streaky clouds.	There are fluffy clouds and thin, long clouds.
streamers	1	You might see it at a birthday with balloons and streamers.	You might see it at a birthday with balloons and long paper strips.
street's	1	The street's name is on a sign.	The name of the street is on a sign.
streetcars	1	Old trams are called historic streetcars.	Old trams are called old street trains.
strengths	1	Nuts come in different strengths to match the bolt.	Nuts come in different sizes to match the bolt.
stressed	1	When you feel stressed, you can take a break.	When you feel worried, you can take a break.
stride	1	A big step into the water is called a giant stride dive.	A big step into the water is called a giant step dive.
striders	1	Water striders can walk on top of the water.	Water bugs can walk on top of the water.
strikes	1	Then she strikes quick and catches her meal.	Then she hits quick and catches her food.
stripy	1	In South Africa, a big, stripy zebra eats grass.	In South Africa, a big zebra with stripes eats grass.
stroking	1	She kept stroking until the cat fell asleep.	She kept petting until the cat fell asleep.
structure's	1	This structure's door is red.	This building's door is red.
strumming	1	People play the lute by strumming the strings.	People play the lute by pulling the strings.
stub	1	If you stub your toe on a chair, it hurts.	If you hit your toe on a chair, it hurts.
student's	1	The student's pencil is yellow.	The pencil of the student is yellow.
stump	1	Decay is slow on the old tree stump.	Decay is slow on the old tree part left in the ground.
stumps	1	You can find it inside old tree stumps.	You can find it inside old tree parts left in the ground.
stung	1	My hand got a cut, and it stung a lot.	My hand got a cut, and it hurt a lot.
sturdy	1	A sturdy door stays shut.	A strong door stays shut.
stylus	1	Some touchscreens work with a special pen called a stylus.	Some touchscreens work with a special pen.
styx	1	The other moons are named Nix, Hydra, Kerberos, and Styx.	
su	1	Her name is Su.	
submersibles	1	Special boats called submersibles have gone to the bottom.	Special boats that go underwater have gone to the bottom.
subset	1	A part of a set is called a subset.	A part of a set is called a smaller set.
subshrubs	1	Small shrubs like lavender are called subshrubs.	Small bushes like lavender are called small woody plants.
substance's	1	The substance's color is bright red.	The color of the stuff is bright red.
succeed	1	You try to do hard things and see if you succeed.	You try to do hard things and see if you can do it.
suckers	1	It has eight long arms with little round suckers.	It has eight long arms with little round sticky parts.
sudanese	1	People from Sudan are called Sudanese.	
sudd	1	A long river called the White Nile runs through it and makes a huge wet, muddy place called the Sudd.	
suds	1	Soap makes bubbles called suds.	Soap makes bubbles.
suffer	1	It makes me sad to see people suffer.	It makes me sad to see people hurt.
sufficient	1	Enough and sufficient mean you have all you need.	Enough means you have all you need.
suffragettes	1	Brave women called suffragettes held protests so women could vote.	Brave women held protests so women could vote.
sufi	1	Sunni, Shia, and Sufi are parts of Islam.	
sulu	1	The islands are in the middle of the sea, with the Philippine Sea on one side and the Sulu Sea on the other.	
suluhu	1	The president is Samia Suluhu Hassan.	
sumer's	1	Sumer's rivers are named Tigris and Euphrates.	
sumerians	1	Well, we learn about the Sumerians.	
summit	1	The top of a mountain is called the summit.	The top of a mountain is called the peak.
sun-warmed	1	The sun-warmed metal is hot.	The metal warmed by the sun is hot.
sunbathe	1	Tom likes to watch her sunbathe on a rock.	Tom likes to watch her lie in the sun on a rock.
sunbeams	1	The gym windows let in long sunbeams in the morning.	The gym windows let in long lines of sunlight in the morning.
sunburned	1	If you forget sunscreen, your skin can get sunburned.	If you forget sunscreen, your skin can get red and sore from the sun.
sunbursts	1	It uses shapes like zigzags and sunbursts.	It uses shapes like zigzags and bursts of sun.
sunderland	1	Long ago, people built many ships in places like Glasgow and Sunderland.	
sungnyemun	1	Seoul also has old castles like Gyeongbokgung and a big door called Sungnyemun.	
sunspots	1	Sometimes you can see dark spots on the Sun called sunspots.	Sometimes you can see dark spots on the Sun.
super-hot	1	At the very middle is a super-hot ball called the core.	At the very middle is a very hot ball called the core.
superfood	1	Some people call it a superfood.	Some people call it a very healthy food.
supernova's	1	I try to remember the supernova's name.	I try to remember the name of the exploding star.
surname	1	A surname is a last name.	A surname is a family name.
surreal	1	Surreal art shows funny and odd ideas from our minds.	
surrealist	1	Surrealist artists painted dream-like pictures.	Artists painted dream-like pictures.
swiss	1	The Swiss Guards wear colorful uniforms and keep the Pope safe.	
swum	1	Some people have swum across the channel, but now it is not allowed.	
syndrome	1	Some disabilities are Down syndrome, autism, and not being able to learn as fast.	
syracuse	1	The state has other cities like Buffalo, Rochester, Syracuse, and Albany.	
syrian	1	There are different kinds of hamsters, like the Syrian hamster and the dwarf hamster.	
sz	1	Then, practice saying 'köszönöm' for thank you.	
ta	1	A long time ago, people called the Taíno lived there.	
ta-gore	1	You say it as Ra-bin-dra-nath Ta-gore.	
table's	1	The table's legs are strong.	The legs of the table are strong.
tabwemasana	1	The highest mountain is Mount Tabwemasana.	
tack	1	First, learn some words like 'hej' and 'tack'.	
tackling	1	Tackling means grabbing and making them fall.	Tackling means holding someone and pulling them down.
tagus	1	Lisbon sits next to a big river called the Tagus River.	
tahat	1	Algeria has mountains, and the highest one is Mount Tahat.	
tahitian	1	The people there speak French and Tahitian.	The people there speak French and a local language.
tahoe	1	The Great Lakes, Lake Tahoe, and Lake Baikal are all lakes.	
taino	1	Long ago, the Taino people lived there.	
talc	1	Even the powder in baby powder is made from a mineral called talc.	Even the powder in baby powder is made from a soft rock.
talk's	1	The talk's questions are not too hard.	The talk has easy questions.
talkers	1	These Navajo were called code talkers.	These Navajo were called secret talkers.
tallahassee	1	The capital is Tallahassee.	
tally	1	Numbers, dots on dice, and tally marks all show a number.	Numbers, dots on dice, and line marks all show a number.
tambourine	1	A tambourine jingles when you shake it.	A small drum with bells jingles when you shake it.
tamils	1	There are also Tamils, who speak Tamil and are Hindu, and Moors, who are Muslim.	
tampa	1	There are big cities like Miami, Orlando, and Tampa.	
tamu	1	It is called Tamu Massif.	
tanakh	1	It is also called the Tanakh.	
tang's	1	I remember Tang's laugh.	
tanzania's	1	Tanzania's flag has green, yellow, and black.	
taoiseach	1	The head of the government is called the Taoiseach.	
taoism's	1	Taoism's ideas are gentle.	
tap-tap-tap	1	It goes tap-tap-tap.	
tap-tap-tapping	1	You hear an engineer's hammer tap-tap-tapping on metal.	
taquile	1	Taquile island is famous for weaving and knitting.	
tarawa	1	The capital is called South Tarawa.	
tarik	1	People eat spicy noodles called laksa and drink a sweet tea called teh tarik.	
tarns	1	There are big lakes like Windermere and small ones called tarns.	There are big lakes like Windermere and small ones called little lakes.
taronga	1	You can see animals at Taronga Zoo.	
tartarus	1	Some of the Titans were sent to a dark, deep place called Tartarus.	
tassel	1	The top of maize has a tassel.	The top of maize has a fluffy part.
tate	1	Some famous kickboxers are Benny Urquidez and Andrew Tate.	
tatra	1	Slovakia has many mountains, especially the Tatra mountains with the highest peak called Gerlachov Peak.	
taurus	1	It is part of a bigger picture in the sky called Taurus, the bull.	
tavche	1	Last, you eat tasty food called tavche gravche.	
tax-man	1	The tax-man took our money.	The money man took our money.
taxation	1	They pay taxes but do not have a voting person in Congress, so their car license plates say 'Taxation Without Representation.'" The weather is hot and humid in summer, cool in winter, and mild in spring and fall.	They pay money to the government but do not have a voting person in Congress.
taxi's	1	The taxi's light is on.	
taximeter	1	Later, a machine called a taximeter was invented to measure how much the ride costs.	Later, a machine was made to measure how much the ride costs.
tea's	1	The tea's smell is nice.	
teas	1	Today, you can find it in teas, creams, or pills at a store.	Today, you can find it in drinks, creams, or pills at a store.
teats	1	Last, he gently pulls the teats to get the milk.	Last, he gently pulls the milk parts to get the milk.
techno	1	There are many kinds of electronic dance music, like house and techno.	There are many kinds of fast dance music.
teh	1	People eat spicy noodles called laksa and drink a sweet tea called teh tarik.	
teide	1	Tenerife has a very tall mountain called Teide, which is a volcano that has not erupted for more than 300 years.	
tel	1	Israel is a country, but Tel Aviv is a city.	
telemachus	1	Odysseus and his son Telemachus chase the bad men away.	
telescope's	1	The telescope's lens is very clear.	
temple's	1	This Mahayana temple's garden is so pretty.	This big church's garden is so pretty.
ten-headed	1	He learned how Rama fought a ten-headed monster.	He learned how Rama fought a monster with ten heads.
tenor	1	The highest voice is soprano, then alto, then tenor, then bass.	The highest voice is high girl voice, then low girl voice, then high boy voice, then low boy voice.
teresa	1	Mahatma Gandhi, Mother Teresa, and Martin Luther King Jr.	
tereza	1	You can ride an old tram to a neighborhood called Santa Tereza.	
thales	1	Some old Greek people, like Thales and Aristotle, were very interested in how things work.	
theodore	1	Abraham Lincoln and Theodore Roosevelt are on Mount Rushmore.	
theravada's	1	Theravada's teachings are very old.	
thespians	1	Today, actors are sometimes called 'thespians' because of him.	Today, actors are sometimes called 'players' because of him.
thespis	1	The first actor we know about was a Greek man named Thespis, who lived a very long time ago.	
thetis	1	His mother was a water fairy named Thetis.	
thimphu	1	The capital city is Thimphu.	
thing's	1	The tiny living thing's body is soft.	
third-class	1	In a third-class lever, the push is in the middle, like a stapler.	
third-degree	1	A third-degree burn is very bad and hurts all the way through the skin.	A very bad burn hurts all the way through the skin.
thirty-first	1	A year ends on December thirty-first.	
three-dollar	1	Is the three-dollar toy cheap?	
three-horned	1	Its name means 'three-horned face' because it had three horns on its head.	
three-leaf	1	I found a three-leaf clover.	
three-pointed	1	He carries a three-pointed spear called a trident.	He carries a spear with three points.
thrower	1	The thrower tries to hit a wooden thing called a wicket.	
thunderclap	1	Which is bigger, an earthquake or a thunderclap?	Which is bigger, an earthquake or a loud boom?
thunders	1	The local name for the falls means 'the smoke that thunders'.	The local name for the falls means 'the smoke that makes loud noise'.
thursdays	1	Tommy loves Thursdays because his mom makes pancakes.	
thylacine	1	The thylacine, a striped animal, used to live there but is gone now.	A striped animal used to live there but is gone now.
tibetans	1	Most of the people are Han Chinese, but there are also Tibetans and other groups.	
tic-tac-toe	1	She used it to make a game of tic-tac-toe.	
tick-tick	1	The kitchen has a clock that makes a tick-tick sound.	
tidier	1	People make folds when they want to make something smaller or tidier.	People make folds when they want to make something smaller or neater.
tidiest	1	Her mom says her room is the tidiest in the house.	Her mom says her room is the neatest in the house.
tierra	1	It sits at the very bottom of South America, near a cold, windy place called Tierra del Fuego.	
tigre	1	They speak different languages like Tigrinya and Tigre.	
tijuca	1	A big forest called Tijuca National Park is inside the city.	
tim's	1	Tim's mom also said thank you.	
tired-bird	1	A tired-bird sound came from the tree.	A tired bird sound came from the tree.
titania	1	The five biggest moons are Miranda, Ariel, Umbriel, Titania, and Oberon.	
toad's	1	A toad's back can be bumpy too.	
toasters	1	Mom has two toasters in the kitchen.	Mom has two bread cookers in the kitchen.
toasting	1	Rapping started from a Jamaican tradition called 'toasting'.	Rapping started from a Jamaican way of talking called 'toasting'.
tobacco	1	Farmers grow cotton, tobacco, peanuts, and peaches.	Farmers grow cotton, a plant for smoking, peanuts, and peaches.
togas	1	They wore long clothes called tunics and togas.	They wore long clothes called tunics and long wraps.
togetherness	1	A union is a kind of togetherness, like a family or a class.	A union is a kind of being together, like a family or a class.
toilet's	1	The toilet's seat is up.	
tojas	1	The highest hill is Aukštojas.	
tokyo's	1	Tokyo's trains are fast.	
tolkien	1	Tolkien used runes in his books about hobbits and elves.	
tolstoy's	1	This book is Leo Tolstoy's story.	
toothaches	1	Last, you brush your teeth every day to stop more toothaches.	Last, you brush your teeth every day to stop more tooth pain.
top-loading	1	A top-loading machine opens at the top.	
tore	1	The dog tore a page out.	
torricelli	1	The first barometer was made a long time ago by a man named Torricelli.	
tosh	1	Other singers are Peter Tosh, Jimmy Cliff, and Ziggy Marley.	
totem	1	A totem pole is a big wood carving outside.	
toubkal	1	The highest mountain in the Atlas is called Toubkal.	
touch-passing	1	That is how it moves, called touch-passing.	
touchable	1	Something invisible can still be real and touchable.	Something you cannot see can still be real and you can touch it.
toy-add	1	The toy-add game is easy.	
toyco	1	Okay, I will remember ToyCo.	
toyotomi	1	A man named Toyotomi Hideyoshi built a big castle there.	
trac	1	Long ago, two sisters named Trung Trac and Trung Nhi led a fight to chase away the Chinese ruler.	
translator	1	A person who does this is called a translator.	A person who does this is called a word changer.
transplant	1	That is called a transplant.	That is called moving a body part from one person to another.
transylvania	1	In the story, a man named Jonathan Harker goes to a faraway place called Transylvania to meet a rich man named Dracula.	
trapezoid	1	A trapezoid has one pair of sides that are parallel.	A trapezoid has one pair of sides that are the same distance apart.
trdeln	1	Last, you eat a sweet pastry called trdelník.	
treatments	1	Some treatments are drinking plant tea, putting tiny needles in skin, or using warm cups.	Some ways to help sick people are drinking plant tea, putting tiny needles in skin, or using warm cups.
trek	1	A long trip on foot or by car is a trek.	A long trip on foot or by car is a long walk or ride.
tricep	1	I can name three big muscles: the bicep, the tricep, and the quadricep.	
trike	1	A bike and a trike both have wheels and a seat.	
trillium	1	The bird of Ontario is the loon, and the flower is the trillium, which has three petals and is usually white.	
trimbakeshwar	1	The river starts in a place called Trimbakeshwar and flows all the way to the sea.	
tripura	1	This place has seven states that are called the "seven sister states.Their names are Arunachal Pradesh, Assam, Manipur, Meghalaya, Mizoram, Nagaland, and Tripura.	
trojan	1	He fought in a big war called the Trojan War.	
trolleybuses	1	Buses, trains, trams, and trolleybuses are types of public transport.	
trombonist	1	A person who plays the trombone is called a trombonist.	A person who plays the trombone is called a trombone player.
troubadours	1	Some musicians called troubadours traveled around singing and playing.	
try-before-you-buy	1	The try-before-you-buy toy is fun.	
tsukuyomi	1	Amaterasu is the sister of Susanoo, the god of the sea and storms, and Tsukuyomi, the god of the moon.	
tswana	1	They speak different languages like Tswana, Ndebele, Afrikaans, and English.	
tuareg	1	People from different groups live there, like the Songhay and Tuareg.	
tuataras	1	I saw two tuataras at the zoo.	
tucking	1	Sometimes people do a forward roll on a soft mat, tucking their head and rolling like a ball.	
tumon	1	The island has a city called Hagta and a busy beach called Tumon Bay.	
tunde	1	A boy named Tunde lives in Lagos, a big city in Nigeria.	
tunics	1	They wore long clothes called tunics and togas.	
tunisian	1	Many people live in Tunisia and speak a language called Tunisian Arabic.	
turbine's	1	A wind turbine's blades spin to make energy.	
turbo	1	Some have a part called a turbo that spins fast and pushes in more air.	
turbot	1	Some flatfish are called flounder, sole, turbot, plaice, and halibut.	
turk	1	A Greek and a Turk are neighbors in their countries.	
turmeric	1	A yellow spice called turmeric can stain my hand.	
turner	1	Art lovers see a Rembrandt, a Picasso, and a Turner in a museum.	
tuscarora	1	Later, the Tuscarora tribe joined, so they became known as the Six Nations.	
tutan	1	If you plant a tutan seed in the dirt, it will grow into a small bush.	
tutankhamun	1	Some famous pharaohs were King Tutankhamun, whose tomb was found in 1922, and Cleopatra, who was a queen of Egypt.	
tutankhamun's	1	There is also a museum in Cairo that holds old treasures from the time of the pharaohs, including things from King Tutankhamun's tomb.	
tweezers	1	You hold both sticks in one hand and move them like tweezers to grab food.	
twenty's	1	This is twenty's place on the number line.	
twenty-dollar	1	The twenty-dollar bill is green.	
twenty-nine	1	It comes after twenty-nine and before thirty-one.	
twenty-one	1	It comes after nineteen and before twenty-one.	
twista	1	The fastest rapper is Twista, who can say many words very quickly.	
two-by-four	1	A common piece is called a two-by-four.	
two-mile	1	We took a two-mile walk by the river.	
u-shaped	1	Valleys can be V-shaped or U-shaped.	
ultramarine	1	A blue powder called ultramarine comes from nature.	
ultraviolet	1	Other animals, like bees, can see colors that people cannot see, like ultraviolet light.	
umaga	1	First, you say 'Magandang umaga' in Tagalog.	
umbrella's	1	The umbrella's cloth is blue.	
umbriel	1	The five biggest moons are Miranda, Ariel, Umbriel, Titania, and Oberon.	
uneven	1	Yes, it feels uneven and bumpy.	Yes, it feels not flat and bumpy.
universe's	1	The universe's size is very big.	
up-to-date	1	Yes, modern means new and up-to-date.	
uprising	1	Many people visit the Museum of the Warsaw Uprising.	
ur	1	Long ago, people there started the first cities, like Babylon and Ur.	
uralsk	1	Big cities like Orsk and Uralsk are on this river.	
uranus's	1	Uranus's rings are dark.	
urimal	1	In South Korea, people call it "hangukmal" or "hangugeo." In North Korea, they call it "choseonmal" or "choseoneo.Koreans also call their language 'urimal,' which means 'our language.'" Korean has its own special alphabet called Hangul.	
urquidez	1	Some famous kickboxers are Benny Urquidez and Andrew Tate.	
uruguay's	1	The most popular sport is football, and Uruguay's team has won the World Cup two times.	
uruk	1	The city of Uruk was her special home.	
usd	1	People also call it USD.	
usher	1	Many famous singers like Beyoncé and Usher sing rhythm and blues.	
utc	1	The main time zone is called UTC.	
v-shaped	1	Valleys can be V-shaped or U-shaped.	
vacuum's	1	The vacuum's bag is full of dust.	
vah	1	The big rivers are the Danube, Vah, and Hron.	
vaisakhi	1	They also celebrate a festival called Vaisakhi.	
valles	1	Mars has a big canyon called Valles Marineris.	
valpara	1	Many people live in the middle part, near the cities of Santiago and Valparaíso.	
vanakkam	1	First, learn a few words like 'vanakkam' for hello.	
vantaa	1	There is also an airport in a nearby town called Vantaa.	
vanua	1	It has 322 islands, and the biggest ones are Vanua Levu and Viti Levu.	
var	1	Simón Bolívar helped the country become free.	
variable's	1	The variable's value is 10.	
vase's	1	The vase's color is blue.	
vegas	1	It makes a lot of money from gambling, even more than Las Vegas.	
vegetable's	1	The vegetable's leaf is big.	
veggie	1	A salad, a fruit bowl, and a veggie plate are all cold dishes.	
vella	1	The capital city is Andorra la Vella.	
vellum	1	The best kind of animal skin paper is called vellum.	
vena	1	The biggest vein in your body is called the vena cava.	
venetia	1	A girl named Venetia gave Pluto its name.	
vernon	1	Another famous pair was Vernon and Irene Castle.	
verona	1	The story takes place in a city far away called Verona.	
vervain	1	People call one type of verbena vervain." Some verbena plants are weeds that grow in the wild.	People call one type of verbena vervain. Some verbena plants are weeds that grow in the wild.
victory	1	There are famous statues like the Winged Victory of Samothrace.	
vientiane	1	The capital city is Vientiane.	
vieques	1	The main island is big, and there are also smaller islands like Vieques and Culebra.	
vila	1	The capital city is Port Vila.	
viol	1	They used new instruments like the lute and viol.	
viola's	1	The viola's sound is darker and more mellow.	
virgil	1	Many people wrote stories about him, like Virgil and Shakespeare.	
virgin	1	They call her the Blessed Virgin Mary.	
virus's	1	The virus's spikes help it stick to you.	
visigoths	1	A long time ago, different groups of people lived there, like the Romans and the Visigoths.	
vivid	1	Every year there is Vivid Sydney with pretty lights.	
vixen	1	A mother fox is called a vixen.	
vladimir	1	The current president is Vladimir Putin.	
vltava	1	The city has a river called the Vltava that flows through it.	
volcano's	1	The volcano's top is a hole.	
voltaire	1	Smart people like Voltaire and Rousseau lived during the age of enlightenment.	
wabash	1	Many other rivers, like the Wabash and Tennessee, flow into the Ohio River.	
wada	1	First, you go to the Shaniwar Wada fort.	
wafer	1	A silicon wafer is a thin round slice.	
wai	1	Some people call it Te Wai Pounamu.	
walkers	1	Drivers and walkers use navigation to go somewhere.	
wall's	1	The wall's color is nice.	
walter	1	It is a short way to say Walter.	
war's	1	The war's horses needed water.	
warren	1	A group of rabbits living together is called a warren.	
wasser	1	Then, you see similar words in German like 'Haus' and 'Wasser'.	
wassup	1	It can be a short way to say something, like saying 'wassup' instead of 'how are you'.	
waterway	1	The Bosporus is a waterway in Istanbul.	
watt	1	One watt is one unit of energy used each second.	
wattle	1	The national flower is the golden wattle.	
watts	1	Power is measured in watts.	
wave's	1	That wave's sound is scary.	
waw-tah	1	She says "water" like "waw-tah" and her friends think it sounds pretty.	
weather's	1	The weather's effect on plants is big.	
webb	1	Now a new telescope called James Webb takes even better pictures.	
webpages	1	The World Wide Web is a part of the Internet where you can look at websites and webpages.	
website's	1	Look at the website's big red button.	
wei	1	Badminton player Lee Chong Wei and squash player Nicol David are famous athletes from Malaysia.	
welding	1	Today, most things are built with welding or strong bolts.	
wesley	1	Protestantism is to Martin Luther as Methodism is to John Wesley.	
western's	1	The western's hero wears a white hat.	
whale's	1	A puppy's birth is small, but a whale's birth is big.	
what's	1	What's up?	
wheat's	1	This is the wheat's stem.	
wheee	1	He shouts Wheee when he goes down the slide.	
whine	1	Yes, a dog can bark and whine, which are different sounds.	
whines	1	My dog goes to its empty bowl and whines.	
whip's	1	The whip's handle is smooth.	
whirr-whirr	1	The machine went whirr-whirr as she pushed the fabric through.	
whiskey	1	Some grown-ups make a strong drink from it called whiskey.	
whisky	1	Peat is used to make Scotch whisky taste smoky.	
white-and-black	1	A white-and-black bird sings.	
white-blue	1	It looks like a tiny, shiny dot of white-blue light.	
white-gray	1	Silver is a shiny, white-gray metal.	
whiteboards	1	Our class has two whiteboards.	
whitehead	1	A man named Robert Whitehead made the first torpedo a long time ago.	
whiteout	1	A whiteout is a very dangerous blizzard where the sky and ground look the same.	
whites	1	Sometimes malaria turns the whites of eyes a bit yellow.	
whitewashed	1	The station has a wall that is bumpy and whitewashed.	
whitewater	1	The water splashes and looks white, so people also call it whitewater.	
whitish	1	The shoebill is mostly gray with a whitish belly.	
whoop	1	Next, it makes a loud whoop sound.	
wicasa	1	A Sioux boy named Wicasa lived with his family near a big river.	
widths	1	Yarn comes in many colors and widths.	
wilan	1	Another is a palace in Wilanów where a king once lived.	
wilhelm	1	Two brothers named Jacob and Wilhelm Grimm wrote it.	
willie	1	Some famous salsa singers are Celia Cruz and Willie Colón.	
wimbledon	1	There are big tournaments like Wimbledon and the U.S.	
windermere	1	There are big lakes like Windermere and small ones called tarns.	
windhoek	1	The capital city is Windhoek.	
window's	1	The window's glass is clean.	
windsor	1	The city is next to Canada, and the border between Detroit and Windsor is one of the busiest in the world.	
winfrey	1	A famous one is the show with Oprah Winfrey, where she talked to many different people.	
winged	1	There are famous statues like the Winged Victory of Samothrace.	
winner's	1	Today, you can see gold in a jewelry shop or on a winner's medal at a race.	
winston	1	Adolf Hitler and Winston Churchill were both men who led their nations during World War II.	
woda	1	Which word comes from Latin: 'aqua' or 'woda'?	
wollstonecraft's	1	This is Mary Wollstonecraft's desk.	
wolof	1	Some people also speak other languages like Wolof and Pulaar.	
women's	1	Long ago, people said sirens looked like birds with women's heads.	
wood's	1	The wood's smell is like a tree.	
wooded	1	The name comes from a word that means "chain of wooded mountains." Many different countries are in the Balkans, like Bulgaria, Greece, and Serbia.	
woolly's	1	Ben brushes Woolly's thick wool with a big comb.	
worm's	1	So the worm's length helps it find a good hiding spot.	
wrapped-up	1	Osiris looks like a wrapped-up mummy with green skin.	
wrestlemania	1	Every year, there is a very big wrestling show called WrestleMania.	
wushu	1	People also call them kung-fu or wushu.	
www	1	The address often starts with 'www' and ends with something like '.com' or '.org'.	
wyatt	1	One famous cowboy is called Wyatt Earp.	
wyoming	1	The park is in Wyoming, Montana, and Idaho.	
x's	1	She filled the grid with X's and O's.	
xerxes	1	Cyrus the Great, King Darius, and King Xerxes were old kings.	
xi'an	1	They were put under the ground near a city called Xi'an.	
xin	1	First, learn simple words like "xin chào" for hello.	
xiv	1	A long time ago, a king named Louis XIV lived there with his family.	
y-a-n-g-t-z-e	1	Y-A-N-G-T-Z-E.	
y-shaped	1	It has a Y-shaped stick and a stretchy rubber band.	
yaga's	1	If you go into the dark woods, you might find Baba Yaga's hut.	
yahtzee	1	People use dice in games like Monopoly and Yahtzee.	
yalu	1	Other rivers like the Yalu and Han also flow into it.	
yamoussoukro	1	The capital city is Yamoussoukro.	
yangon	1	The biggest city is Yangon.	
yangtze's	1	The Yangtze's water is fresh.	
yard's	1	The yard's gate is open.	
yassas	1	She said "Yassas" to her friend at school.	
yazidis	1	Some people called Yazidis also live there.	
yellow-brown	1	Its fur is usually yellow-brown, but it can also be tan, black, or white.	Its fur is usually a light brown color, but it can also be tan, black, or white.
yellow-ginger	1	It has yellow-ginger fur, but can also be tan, black, white, or sandy.	It has light brown fur, but can also be tan, black, white, or sandy.
yellow-red	1	Before people in England knew about the orange fruit, they called this color 'yellow-red'.	Before people in England knew about the orange fruit, they called this color a mix of yellow and red.
yellow-white	1	It is yellow-white and tastes rich.	It is a very light yellow and tastes rich.
yenisei	1	The Yenisei river splits Siberia into two parts: east and west.	
yggdrasil	1	She learned about a big tree called Yggdrasil that holds up the sky.	
ying	1	A long time ago, a boy named Ying Zheng lived in a big house.	
yoweri	1	The president is a man named Yoweri.	
yu	1	Taiwan has tall mountains, and the highest one is called Yu Shan.	
yum	1	Yum!	
zante	1	Many pretty islands sit in it, like Corfu and Zante.	
zealand's	1	The Māori are a big part of New Zealand's culture.	
zest	1	Tang and zest both mean a strong, bright taste.	
zeus's	1	Athena was born from Zeus's head, already grown up and wearing armor.	
ziggy	1	Other singers are Peter Tosh, Jimmy Cliff, and Ziggy Marley.	
zoe	1	A zebra named Zoe lived on a sunny grassland.	
zoo's	1	The zoo's gates are big.	The big gates of the zoo are big.
